rgb1,depth1,rgb2,depth2
data6/rgb/rgb000171.jpg,data6/depth/depth000171.npy,data6/rgb/rgb001424.jpg,data6/depth/depth001424.npy
data6/rgb/rgb000172.jpg,data6/depth/depth000172.npy,data6/rgb/rgb001423.jpg,data6/depth/depth001423.npy
data6/rgb/rgb000170.jpg,data6/depth/depth000170.npy,data6/rgb/rgb001425.jpg,data6/depth/depth001425.npy
data6/rgb/rgb000173.jpg,data6/depth/depth000173.npy,data6/rgb/rgb001422.jpg,data6/depth/depth001422.npy
data6/rgb/rgb000174.jpg,data6/depth/depth000174.npy,data6/rgb/rgb001421.jpg,data6/depth/depth001421.npy
data6/rgb/rgb000175.jpg,data6/depth/depth000175.npy,data6/rgb/rgb001420.jpg,data6/depth/depth001420.npy
data6/rgb/rgb000166.jpg,data6/depth/depth000166.npy,data6/rgb/rgb001429.jpg,data6/depth/depth001429.npy
data6/rgb/rgb000177.jpg,data6/depth/depth000177.npy,data6/rgb/rgb001418.jpg,data6/depth/depth001418.npy
data6/rgb/rgb000167.jpg,data6/depth/depth000167.npy,data6/rgb/rgb001428.jpg,data6/depth/depth001428.npy
data6/rgb/rgb000169.jpg,data6/depth/depth000169.npy,data6/rgb/rgb001426.jpg,data6/depth/depth001426.npy
data6/rgb/rgb000176.jpg,data6/depth/depth000176.npy,data6/rgb/rgb001419.jpg,data6/depth/depth001419.npy
data6/rgb/rgb000165.jpg,data6/depth/depth000165.npy,data6/rgb/rgb001430.jpg,data6/depth/depth001430.npy
data6/rgb/rgb000168.jpg,data6/depth/depth000168.npy,data6/rgb/rgb001427.jpg,data6/depth/depth001427.npy
data6/rgb/rgb000181.jpg,data6/depth/depth000181.npy,data6/rgb/rgb001414.jpg,data6/depth/depth001414.npy
data6/rgb/rgb000164.jpg,data6/depth/depth000164.npy,data6/rgb/rgb001431.jpg,data6/depth/depth001431.npy
data6/rgb/rgb000161.jpg,data6/depth/depth000161.npy,data6/rgb/rgb001434.jpg,data6/depth/depth001434.npy
data6/rgb/rgb000179.jpg,data6/depth/depth000179.npy,data6/rgb/rgb001416.jpg,data6/depth/depth001416.npy
data6/rgb/rgb000183.jpg,data6/depth/depth000183.npy,data6/rgb/rgb001412.jpg,data6/depth/depth001412.npy
data6/rgb/rgb000178.jpg,data6/depth/depth000178.npy,data6/rgb/rgb001417.jpg,data6/depth/depth001417.npy
data6/rgb/rgb000163.jpg,data6/depth/depth000163.npy,data6/rgb/rgb001432.jpg,data6/depth/depth001432.npy
data6/rgb/rgb000162.jpg,data6/depth/depth000162.npy,data6/rgb/rgb001433.jpg,data6/depth/depth001433.npy
data6/rgb/rgb000149.jpg,data6/depth/depth000149.npy,data6/rgb/rgb001446.jpg,data6/depth/depth001446.npy
data6/rgb/rgb000185.jpg,data6/depth/depth000185.npy,data6/rgb/rgb001410.jpg,data6/depth/depth001410.npy
data6/rgb/rgb000180.jpg,data6/depth/depth000180.npy,data6/rgb/rgb001415.jpg,data6/depth/depth001415.npy
data6/rgb/rgb000182.jpg,data6/depth/depth000182.npy,data6/rgb/rgb001413.jpg,data6/depth/depth001413.npy
data6/rgb/rgb000150.jpg,data6/depth/depth000150.npy,data6/rgb/rgb001445.jpg,data6/depth/depth001445.npy
data6/rgb/rgb000159.jpg,data6/depth/depth000159.npy,data6/rgb/rgb001436.jpg,data6/depth/depth001436.npy
data6/rgb/rgb000184.jpg,data6/depth/depth000184.npy,data6/rgb/rgb001411.jpg,data6/depth/depth001411.npy
data6/rgb/rgb000148.jpg,data6/depth/depth000148.npy,data6/rgb/rgb001447.jpg,data6/depth/depth001447.npy
data6/rgb/rgb000152.jpg,data6/depth/depth000152.npy,data6/rgb/rgb001443.jpg,data6/depth/depth001443.npy
data6/rgb/rgb000153.jpg,data6/depth/depth000153.npy,data6/rgb/rgb001442.jpg,data6/depth/depth001442.npy
data6/rgb/rgb000147.jpg,data6/depth/depth000147.npy,data6/rgb/rgb001448.jpg,data6/depth/depth001448.npy
data6/rgb/rgb000201.jpg,data6/depth/depth000201.npy,data6/rgb/rgb001394.jpg,data6/depth/depth001394.npy
data6/rgb/rgb000187.jpg,data6/depth/depth000187.npy,data6/rgb/rgb001408.jpg,data6/depth/depth001408.npy
data6/rgb/rgb000198.jpg,data6/depth/depth000198.npy,data6/rgb/rgb001397.jpg,data6/depth/depth001397.npy
data6/rgb/rgb000200.jpg,data6/depth/depth000200.npy,data6/rgb/rgb001395.jpg,data6/depth/depth001395.npy
data6/rgb/rgb000186.jpg,data6/depth/depth000186.npy,data6/rgb/rgb001409.jpg,data6/depth/depth001409.npy
data6/rgb/rgb000196.jpg,data6/depth/depth000196.npy,data6/rgb/rgb001399.jpg,data6/depth/depth001399.npy
data6/rgb/rgb000151.jpg,data6/depth/depth000151.npy,data6/rgb/rgb001444.jpg,data6/depth/depth001444.npy
data6/rgb/rgb000195.jpg,data6/depth/depth000195.npy,data6/rgb/rgb001400.jpg,data6/depth/depth001400.npy
data6/rgb/rgb000155.jpg,data6/depth/depth000155.npy,data6/rgb/rgb001440.jpg,data6/depth/depth001440.npy
data6/rgb/rgb000221.jpg,data6/depth/depth000221.npy,data6/rgb/rgb001372.jpg,data6/depth/depth001372.npy
data6/rgb/rgb000194.jpg,data6/depth/depth000194.npy,data6/rgb/rgb001401.jpg,data6/depth/depth001401.npy
data6/rgb/rgb000219.jpg,data6/depth/depth000219.npy,data6/rgb/rgb001375.jpg,data6/depth/depth001375.npy
data6/rgb/rgb000154.jpg,data6/depth/depth000154.npy,data6/rgb/rgb001441.jpg,data6/depth/depth001441.npy
data6/rgb/rgb000024.jpg,data6/depth/depth000024.npy,data6/rgb/rgb001608.jpg,data6/depth/depth001608.npy
data6/rgb/rgb000156.jpg,data6/depth/depth000156.npy,data6/rgb/rgb001439.jpg,data6/depth/depth001439.npy
data6/rgb/rgb000217.jpg,data6/depth/depth000217.npy,data6/rgb/rgb001378.jpg,data6/depth/depth001378.npy
data6/rgb/rgb000158.jpg,data6/depth/depth000158.npy,data6/rgb/rgb001437.jpg,data6/depth/depth001437.npy
data6/rgb/rgb000206.jpg,data6/depth/depth000206.npy,data6/rgb/rgb001389.jpg,data6/depth/depth001389.npy
data6/rgb/rgb000146.jpg,data6/depth/depth000146.npy,data6/rgb/rgb001449.jpg,data6/depth/depth001449.npy
data6/rgb/rgb000202.jpg,data6/depth/depth000202.npy,data6/rgb/rgb001393.jpg,data6/depth/depth001393.npy
data6/rgb/rgb000143.jpg,data6/depth/depth000143.npy,data6/rgb/rgb001452.jpg,data6/depth/depth001452.npy
data6/rgb/rgb000142.jpg,data6/depth/depth000142.npy,data6/rgb/rgb001453.jpg,data6/depth/depth001453.npy
data6/rgb/rgb000193.jpg,data6/depth/depth000193.npy,data6/rgb/rgb001402.jpg,data6/depth/depth001402.npy
data6/rgb/rgb000199.jpg,data6/depth/depth000199.npy,data6/rgb/rgb001396.jpg,data6/depth/depth001396.npy
data6/rgb/rgb000188.jpg,data6/depth/depth000188.npy,data6/rgb/rgb001407.jpg,data6/depth/depth001407.npy
data6/rgb/rgb000189.jpg,data6/depth/depth000189.npy,data6/rgb/rgb001406.jpg,data6/depth/depth001406.npy
data6/rgb/rgb000204.jpg,data6/depth/depth000204.npy,data6/rgb/rgb001391.jpg,data6/depth/depth001391.npy
data6/rgb/rgb000197.jpg,data6/depth/depth000197.npy,data6/rgb/rgb001398.jpg,data6/depth/depth001398.npy
data6/rgb/rgb000203.jpg,data6/depth/depth000203.npy,data6/rgb/rgb001392.jpg,data6/depth/depth001392.npy
data6/rgb/rgb000157.jpg,data6/depth/depth000157.npy,data6/rgb/rgb001438.jpg,data6/depth/depth001438.npy
data6/rgb/rgb000160.jpg,data6/depth/depth000160.npy,data6/rgb/rgb001435.jpg,data6/depth/depth001435.npy
data6/rgb/rgb000140.jpg,data6/depth/depth000140.npy,data6/rgb/rgb001455.jpg,data6/depth/depth001455.npy
data6/rgb/rgb000144.jpg,data6/depth/depth000144.npy,data6/rgb/rgb001451.jpg,data6/depth/depth001451.npy
data6/rgb/rgb000141.jpg,data6/depth/depth000141.npy,data6/rgb/rgb001454.jpg,data6/depth/depth001454.npy
data6/rgb/rgb000207.jpg,data6/depth/depth000207.npy,data6/rgb/rgb001388.jpg,data6/depth/depth001388.npy
data6/rgb/rgb000191.jpg,data6/depth/depth000191.npy,data6/rgb/rgb001404.jpg,data6/depth/depth001404.npy
data6/rgb/rgb000023.jpg,data6/depth/depth000023.npy,data6/rgb/rgb001610.jpg,data6/depth/depth001610.npy
data6/rgb/rgb000106.jpg,data6/depth/depth000106.npy,data6/rgb/rgb001492.jpg,data6/depth/depth001492.npy
data6/rgb/rgb000111.jpg,data6/depth/depth000111.npy,data6/rgb/rgb001485.jpg,data6/depth/depth001485.npy
data6/rgb/rgb000218.jpg,data6/depth/depth000218.npy,data6/rgb/rgb001377.jpg,data6/depth/depth001377.npy
data6/rgb/rgb000137.jpg,data6/depth/depth000137.npy,data6/rgb/rgb001458.jpg,data6/depth/depth001458.npy
data6/rgb/rgb000025.jpg,data6/depth/depth000025.npy,data6/rgb/rgb001606.jpg,data6/depth/depth001606.npy
data6/rgb/rgb000027.jpg,data6/depth/depth000027.npy,data6/rgb/rgb001603.jpg,data6/depth/depth001603.npy
data6/rgb/rgb000192.jpg,data6/depth/depth000192.npy,data6/rgb/rgb001403.jpg,data6/depth/depth001403.npy
data6/rgb/rgb000205.jpg,data6/depth/depth000205.npy,data6/rgb/rgb001390.jpg,data6/depth/depth001390.npy
data6/rgb/rgb000139.jpg,data6/depth/depth000139.npy,data6/rgb/rgb001456.jpg,data6/depth/depth001456.npy
data6/rgb/rgb000145.jpg,data6/depth/depth000145.npy,data6/rgb/rgb001450.jpg,data6/depth/depth001450.npy
data6/rgb/rgb000216.jpg,data6/depth/depth000216.npy,data6/rgb/rgb001379.jpg,data6/depth/depth001379.npy
data6/rgb/rgb000208.jpg,data6/depth/depth000208.npy,data6/rgb/rgb001387.jpg,data6/depth/depth001387.npy
data6/rgb/rgb000190.jpg,data6/depth/depth000190.npy,data6/rgb/rgb001405.jpg,data6/depth/depth001405.npy
data6/rgb/rgb000220.jpg,data6/depth/depth000220.npy,data6/rgb/rgb001374.jpg,data6/depth/depth001374.npy
data6/rgb/rgb000105.jpg,data6/depth/depth000105.npy,data6/rgb/rgb001493.jpg,data6/depth/depth001493.npy
data6/rgb/rgb000138.jpg,data6/depth/depth000138.npy,data6/rgb/rgb001457.jpg,data6/depth/depth001457.npy
data6/rgb/rgb000209.jpg,data6/depth/depth000209.npy,data6/rgb/rgb001386.jpg,data6/depth/depth001386.npy
data6/rgb/rgb000026.jpg,data6/depth/depth000026.npy,data6/rgb/rgb001605.jpg,data6/depth/depth001605.npy
data6/rgb/rgb000029.jpg,data6/depth/depth000029.npy,data6/rgb/rgb001599.jpg,data6/depth/depth001599.npy
data6/rgb/rgb000136.jpg,data6/depth/depth000136.npy,data6/rgb/rgb001459.jpg,data6/depth/depth001459.npy
data6/rgb/rgb000132.jpg,data6/depth/depth000132.npy,data6/rgb/rgb001463.jpg,data6/depth/depth001463.npy
data6/rgb/rgb000133.jpg,data6/depth/depth000133.npy,data6/rgb/rgb001462.jpg,data6/depth/depth001462.npy
data6/rgb/rgb000109.jpg,data6/depth/depth000109.npy,data6/rgb/rgb001488.jpg,data6/depth/depth001488.npy
data6/rgb/rgb000028.jpg,data6/depth/depth000028.npy,data6/rgb/rgb001601.jpg,data6/depth/depth001601.npy
data6/rgb/rgb000127.jpg,data6/depth/depth000127.npy,data6/rgb/rgb001467.jpg,data6/depth/depth001467.npy
data6/rgb/rgb000112.jpg,data6/depth/depth000112.npy,data6/rgb/rgb001484.jpg,data6/depth/depth001484.npy
data6/rgb/rgb000128.jpg,data6/depth/depth000128.npy,data6/rgb/rgb001466.jpg,data6/depth/depth001466.npy
data6/rgb/rgb000129.jpg,data6/depth/depth000129.npy,data6/rgb/rgb001465.jpg,data6/depth/depth001465.npy
data6/rgb/rgb000214.jpg,data6/depth/depth000214.npy,data6/rgb/rgb001381.jpg,data6/depth/depth001381.npy
data6/rgb/rgb000108.jpg,data6/depth/depth000108.npy,data6/rgb/rgb001489.jpg,data6/depth/depth001489.npy
data6/rgb/rgb000126.jpg,data6/depth/depth000126.npy,data6/rgb/rgb001469.jpg,data6/depth/depth001469.npy
data6/rgb/rgb000212.jpg,data6/depth/depth000212.npy,data6/rgb/rgb001383.jpg,data6/depth/depth001383.npy
data6/rgb/rgb000113.jpg,data6/depth/depth000113.npy,data6/rgb/rgb001483.jpg,data6/depth/depth001483.npy
data6/rgb/rgb000213.jpg,data6/depth/depth000213.npy,data6/rgb/rgb001382.jpg,data6/depth/depth001382.npy
data6/rgb/rgb000134.jpg,data6/depth/depth000134.npy,data6/rgb/rgb001461.jpg,data6/depth/depth001461.npy
data6/rgb/rgb000121.jpg,data6/depth/depth000121.npy,data6/rgb/rgb001474.jpg,data6/depth/depth001474.npy
data6/rgb/rgb000033.jpg,data6/depth/depth000033.npy,data6/rgb/rgb001592.jpg,data6/depth/depth001592.npy
data6/rgb/rgb000131.jpg,data6/depth/depth000131.npy,data6/rgb/rgb001463.jpg,data6/depth/depth001463.npy
data6/rgb/rgb000022.jpg,data6/depth/depth000022.npy,data6/rgb/rgb001612.jpg,data6/depth/depth001612.npy
data6/rgb/rgb000103.jpg,data6/depth/depth000103.npy,data6/rgb/rgb001496.jpg,data6/depth/depth001496.npy
data6/rgb/rgb000124.jpg,data6/depth/depth000124.npy,data6/rgb/rgb001470.jpg,data6/depth/depth001470.npy
data6/rgb/rgb000130.jpg,data6/depth/depth000130.npy,data6/rgb/rgb001465.jpg,data6/depth/depth001465.npy
data6/rgb/rgb000123.jpg,data6/depth/depth000123.npy,data6/rgb/rgb001472.jpg,data6/depth/depth001472.npy
data6/rgb/rgb000036.jpg,data6/depth/depth000036.npy,data6/rgb/rgb001587.jpg,data6/depth/depth001587.npy
data6/rgb/rgb000102.jpg,data6/depth/depth000102.npy,data6/rgb/rgb001497.jpg,data6/depth/depth001497.npy
data6/rgb/rgb000215.jpg,data6/depth/depth000215.npy,data6/rgb/rgb001380.jpg,data6/depth/depth001380.npy
data6/rgb/rgb000021.jpg,data6/depth/depth000021.npy,data6/rgb/rgb001613.jpg,data6/depth/depth001613.npy
data6/rgb/rgb000032.jpg,data6/depth/depth000032.npy,data6/rgb/rgb001594.jpg,data6/depth/depth001594.npy
data6/rgb/rgb000110.jpg,data6/depth/depth000110.npy,data6/rgb/rgb001487.jpg,data6/depth/depth001487.npy
data6/rgb/rgb000104.jpg,data6/depth/depth000104.npy,data6/rgb/rgb001495.jpg,data6/depth/depth001495.npy
data6/rgb/rgb000211.jpg,data6/depth/depth000211.npy,data6/rgb/rgb001384.jpg,data6/depth/depth001384.npy
data6/rgb/rgb000035.jpg,data6/depth/depth000035.npy,data6/rgb/rgb001589.jpg,data6/depth/depth001589.npy
data6/rgb/rgb000057.jpg,data6/depth/depth000057.npy,data6/rgb/rgb001556.jpg,data6/depth/depth001556.npy
data6/rgb/rgb000031.jpg,data6/depth/depth000031.npy,data6/rgb/rgb001596.jpg,data6/depth/depth001596.npy
data6/rgb/rgb000040.jpg,data6/depth/depth000040.npy,data6/rgb/rgb001581.jpg,data6/depth/depth001581.npy
data6/rgb/rgb000042.jpg,data6/depth/depth000042.npy,data6/rgb/rgb001578.jpg,data6/depth/depth001578.npy
data6/rgb/rgb000117.jpg,data6/depth/depth000117.npy,data6/rgb/rgb001478.jpg,data6/depth/depth001478.npy
data6/rgb/rgb000044.jpg,data6/depth/depth000044.npy,data6/rgb/rgb001575.jpg,data6/depth/depth001575.npy
data6/rgb/rgb000037.jpg,data6/depth/depth000037.npy,data6/rgb/rgb001586.jpg,data6/depth/depth001586.npy
data6/rgb/rgb000038.jpg,data6/depth/depth000038.npy,data6/rgb/rgb001584.jpg,data6/depth/depth001584.npy
data6/rgb/rgb000055.jpg,data6/depth/depth000055.npy,data6/rgb/rgb001559.jpg,data6/depth/depth001559.npy
data6/rgb/rgb000135.jpg,data6/depth/depth000135.npy,data6/rgb/rgb001460.jpg,data6/depth/depth001460.npy
data6/rgb/rgb000046.jpg,data6/depth/depth000046.npy,data6/rgb/rgb001572.jpg,data6/depth/depth001572.npy
data6/rgb/rgb000125.jpg,data6/depth/depth000125.npy,data6/rgb/rgb001469.jpg,data6/depth/depth001469.npy
data6/rgb/rgb000210.jpg,data6/depth/depth000210.npy,data6/rgb/rgb001385.jpg,data6/depth/depth001385.npy
data6/rgb/rgb000030.jpg,data6/depth/depth000030.npy,data6/rgb/rgb001598.jpg,data6/depth/depth001598.npy
data6/rgb/rgb000065.jpg,data6/depth/depth000065.npy,data6/rgb/rgb001545.jpg,data6/depth/depth001545.npy
data6/rgb/rgb000115.jpg,data6/depth/depth000115.npy,data6/rgb/rgb001480.jpg,data6/depth/depth001480.npy
data6/rgb/rgb000120.jpg,data6/depth/depth000120.npy,data6/rgb/rgb001475.jpg,data6/depth/depth001475.npy
data6/rgb/rgb000034.jpg,data6/depth/depth000034.npy,data6/rgb/rgb001591.jpg,data6/depth/depth001591.npy
data6/rgb/rgb000049.jpg,data6/depth/depth000049.npy,data6/rgb/rgb001568.jpg,data6/depth/depth001568.npy
data6/rgb/rgb000099.jpg,data6/depth/depth000099.npy,data6/rgb/rgb001501.jpg,data6/depth/depth001501.npy
data6/rgb/rgb000098.jpg,data6/depth/depth000098.npy,data6/rgb/rgb001502.jpg,data6/depth/depth001502.npy
data6/rgb/rgb000058.jpg,data6/depth/depth000058.npy,data6/rgb/rgb001555.jpg,data6/depth/depth001555.npy
data6/rgb/rgb000053.jpg,data6/depth/depth000053.npy,data6/rgb/rgb001562.jpg,data6/depth/depth001562.npy
data6/rgb/rgb000101.jpg,data6/depth/depth000101.npy,data6/rgb/rgb001498.jpg,data6/depth/depth001498.npy
data6/rgb/rgb000097.jpg,data6/depth/depth000097.npy,data6/rgb/rgb001503.jpg,data6/depth/depth001503.npy
data6/rgb/rgb000043.jpg,data6/depth/depth000043.npy,data6/rgb/rgb001576.jpg,data6/depth/depth001576.npy
data6/rgb/rgb000048.jpg,data6/depth/depth000048.npy,data6/rgb/rgb001569.jpg,data6/depth/depth001569.npy
data6/rgb/rgb000118.jpg,data6/depth/depth000118.npy,data6/rgb/rgb001477.jpg,data6/depth/depth001477.npy
data6/rgb/rgb000047.jpg,data6/depth/depth000047.npy,data6/rgb/rgb001571.jpg,data6/depth/depth001571.npy
data6/rgb/rgb000100.jpg,data6/depth/depth000100.npy,data6/rgb/rgb001500.jpg,data6/depth/depth001500.npy
data6/rgb/rgb000063.jpg,data6/depth/depth000063.npy,data6/rgb/rgb001548.jpg,data6/depth/depth001548.npy
data6/rgb/rgb000066.jpg,data6/depth/depth000066.npy,data6/rgb/rgb001543.jpg,data6/depth/depth001543.npy
data6/rgb/rgb000039.jpg,data6/depth/depth000039.npy,data6/rgb/rgb001583.jpg,data6/depth/depth001583.npy
data6/rgb/rgb000059.jpg,data6/depth/depth000059.npy,data6/rgb/rgb001553.jpg,data6/depth/depth001553.npy
data6/rgb/rgb000122.jpg,data6/depth/depth000122.npy,data6/rgb/rgb001472.jpg,data6/depth/depth001472.npy
data6/rgb/rgb000119.jpg,data6/depth/depth000119.npy,data6/rgb/rgb001476.jpg,data6/depth/depth001476.npy
data6/rgb/rgb000116.jpg,data6/depth/depth000116.npy,data6/rgb/rgb001479.jpg,data6/depth/depth001479.npy
data6/rgb/rgb000056.jpg,data6/depth/depth000056.npy,data6/rgb/rgb001558.jpg,data6/depth/depth001558.npy
data6/rgb/rgb000050.jpg,data6/depth/depth000050.npy,data6/rgb/rgb001566.jpg,data6/depth/depth001566.npy
data6/rgb/rgb000045.jpg,data6/depth/depth000045.npy,data6/rgb/rgb001573.jpg,data6/depth/depth001573.npy
data6/rgb/rgb000060.jpg,data6/depth/depth000060.npy,data6/rgb/rgb001552.jpg,data6/depth/depth001552.npy
data6/rgb/rgb000068.jpg,data6/depth/depth000068.npy,data6/rgb/rgb001540.jpg,data6/depth/depth001540.npy
data6/rgb/rgb000051.jpg,data6/depth/depth000051.npy,data6/rgb/rgb001565.jpg,data6/depth/depth001565.npy
data6/rgb/rgb000062.jpg,data6/depth/depth000062.npy,data6/rgb/rgb001549.jpg,data6/depth/depth001549.npy
data6/rgb/rgb000095.jpg,data6/depth/depth000095.npy,data6/rgb/rgb001506.jpg,data6/depth/depth001506.npy
data6/rgb/rgb000107.jpg,data6/depth/depth000107.npy,data6/rgb/rgb001491.jpg,data6/depth/depth001491.npy
data6/rgb/rgb000222.jpg,data6/depth/depth000222.npy,data6/rgb/rgb001371.jpg,data6/depth/depth001371.npy
data6/rgb/rgb000093.jpg,data6/depth/depth000093.npy,data6/rgb/rgb001508.jpg,data6/depth/depth001508.npy
data6/rgb/rgb000061.jpg,data6/depth/depth000061.npy,data6/rgb/rgb001551.jpg,data6/depth/depth001551.npy
data6/rgb/rgb000054.jpg,data6/depth/depth000054.npy,data6/rgb/rgb001560.jpg,data6/depth/depth001560.npy
data6/rgb/rgb000069.jpg,data6/depth/depth000069.npy,data6/rgb/rgb001539.jpg,data6/depth/depth001539.npy
data6/rgb/rgb000096.jpg,data6/depth/depth000096.npy,data6/rgb/rgb001504.jpg,data6/depth/depth001504.npy
data6/rgb/rgb000070.jpg,data6/depth/depth000070.npy,data6/rgb/rgb001537.jpg,data6/depth/depth001537.npy
data6/rgb/rgb000094.jpg,data6/depth/depth000094.npy,data6/rgb/rgb001507.jpg,data6/depth/depth001507.npy
data6/rgb/rgb000052.jpg,data6/depth/depth000052.npy,data6/rgb/rgb001563.jpg,data6/depth/depth001563.npy
data6/rgb/rgb000041.jpg,data6/depth/depth000041.npy,data6/rgb/rgb001580.jpg,data6/depth/depth001580.npy
data6/rgb/rgb000091.jpg,data6/depth/depth000091.npy,data6/rgb/rgb001511.jpg,data6/depth/depth001511.npy
data6/rgb/rgb000064.jpg,data6/depth/depth000064.npy,data6/rgb/rgb001547.jpg,data6/depth/depth001547.npy
data6/rgb/rgb000090.jpg,data6/depth/depth000090.npy,data6/rgb/rgb001512.jpg,data6/depth/depth001512.npy
data6/rgb/rgb000072.jpg,data6/depth/depth000072.npy,data6/rgb/rgb001535.jpg,data6/depth/depth001535.npy
data6/rgb/rgb000071.jpg,data6/depth/depth000071.npy,data6/rgb/rgb001536.jpg,data6/depth/depth001536.npy
data6/rgb/rgb000092.jpg,data6/depth/depth000092.npy,data6/rgb/rgb001510.jpg,data6/depth/depth001510.npy
data6/rgb/rgb000067.jpg,data6/depth/depth000067.npy,data6/rgb/rgb001542.jpg,data6/depth/depth001542.npy
data6/rgb/rgb000074.jpg,data6/depth/depth000074.npy,data6/rgb/rgb001532.jpg,data6/depth/depth001532.npy
data6/rgb/rgb000073.jpg,data6/depth/depth000073.npy,data6/rgb/rgb001534.jpg,data6/depth/depth001534.npy
data6/rgb/rgb000076.jpg,data6/depth/depth000076.npy,data6/rgb/rgb001530.jpg,data6/depth/depth001530.npy
data6/rgb/rgb000089.jpg,data6/depth/depth000089.npy,data6/rgb/rgb001513.jpg,data6/depth/depth001513.npy
data6/rgb/rgb000075.jpg,data6/depth/depth000075.npy,data6/rgb/rgb001531.jpg,data6/depth/depth001531.npy
data6/rgb/rgb000088.jpg,data6/depth/depth000088.npy,data6/rgb/rgb001514.jpg,data6/depth/depth001514.npy
data6/rgb/rgb000085.jpg,data6/depth/depth000085.npy,data6/rgb/rgb001518.jpg,data6/depth/depth001518.npy
data6/rgb/rgb000020.jpg,data6/depth/depth000020.npy,data6/rgb/rgb001614.jpg,data6/depth/depth001614.npy
data6/rgb/rgb000223.jpg,data6/depth/depth000223.npy,data6/rgb/rgb001369.jpg,data6/depth/depth001369.npy
data6/rgb/rgb000079.jpg,data6/depth/depth000079.npy,data6/rgb/rgb001526.jpg,data6/depth/depth001526.npy
data6/rgb/rgb000007.jpg,data6/depth/depth000007.npy,data6/rgb/rgb001638.jpg,data6/depth/depth001638.npy
data6/rgb/rgb000077.jpg,data6/depth/depth000077.npy,data6/rgb/rgb001528.jpg,data6/depth/depth001528.npy
data6/rgb/rgb000006.jpg,data6/depth/depth000006.npy,data6/rgb/rgb001639.jpg,data6/depth/depth001639.npy
data6/rgb/rgb000084.jpg,data6/depth/depth000084.npy,data6/rgb/rgb001519.jpg,data6/depth/depth001519.npy
data6/rgb/rgb000087.jpg,data6/depth/depth000087.npy,data6/rgb/rgb001515.jpg,data6/depth/depth001515.npy
data6/rgb/rgb000078.jpg,data6/depth/depth000078.npy,data6/rgb/rgb001527.jpg,data6/depth/depth001527.npy
data6/rgb/rgb000083.jpg,data6/depth/depth000083.npy,data6/rgb/rgb001521.jpg,data6/depth/depth001521.npy
data6/rgb/rgb000015.jpg,data6/depth/depth000015.npy,data6/rgb/rgb001624.jpg,data6/depth/depth001624.npy
data6/rgb/rgb000008.jpg,data6/depth/depth000008.npy,data6/rgb/rgb001636.jpg,data6/depth/depth001636.npy
data6/rgb/rgb000086.jpg,data6/depth/depth000086.npy,data6/rgb/rgb001517.jpg,data6/depth/depth001517.npy
data6/rgb/rgb000018.jpg,data6/depth/depth000018.npy,data6/rgb/rgb001619.jpg,data6/depth/depth001619.npy
data6/rgb/rgb000019.jpg,data6/depth/depth000019.npy,data6/rgb/rgb001618.jpg,data6/depth/depth001618.npy
data6/rgb/rgb000080.jpg,data6/depth/depth000080.npy,data6/rgb/rgb001524.jpg,data6/depth/depth001524.npy
data6/rgb/rgb000016.jpg,data6/depth/depth000016.npy,data6/rgb/rgb001623.jpg,data6/depth/depth001623.npy
data6/rgb/rgb000009.jpg,data6/depth/depth000009.npy,data6/rgb/rgb001635.jpg,data6/depth/depth001635.npy
data6/rgb/rgb000081.jpg,data6/depth/depth000081.npy,data6/rgb/rgb001523.jpg,data6/depth/depth001523.npy
data6/rgb/rgb000010.jpg,data6/depth/depth000010.npy,data6/rgb/rgb001633.jpg,data6/depth/depth001633.npy
data6/rgb/rgb000017.jpg,data6/depth/depth000017.npy,data6/rgb/rgb001621.jpg,data6/depth/depth001621.npy
data6/rgb/rgb000013.jpg,data6/depth/depth000013.npy,data6/rgb/rgb001628.jpg,data6/depth/depth001628.npy
data6/rgb/rgb000012.jpg,data6/depth/depth000012.npy,data6/rgb/rgb001629.jpg,data6/depth/depth001629.npy
data6/rgb/rgb000082.jpg,data6/depth/depth000082.npy,data6/rgb/rgb001522.jpg,data6/depth/depth001522.npy
data6/rgb/rgb000011.jpg,data6/depth/depth000011.npy,data6/rgb/rgb001631.jpg,data6/depth/depth001631.npy
data6/rgb/rgb000014.jpg,data6/depth/depth000014.npy,data6/rgb/rgb001626.jpg,data6/depth/depth001626.npy
data6/rgb/rgb000224.jpg,data6/depth/depth000224.npy,data6/rgb/rgb001369.jpg,data6/depth/depth001369.npy
data6/rgb/rgb000005.jpg,data6/depth/depth000005.npy,data6/rgb/rgb001639.jpg,data6/depth/depth001639.npy
data6/rgb/rgb000225.jpg,data6/depth/depth000225.npy,data6/rgb/rgb001369.jpg,data6/depth/depth001369.npy
data6/rgb/rgb000002.jpg,data6/depth/depth000002.npy,data6/rgb/rgb001524.jpg,data6/depth/depth001524.npy
data6/rgb/rgb000003.jpg,data6/depth/depth000003.npy,data6/rgb/rgb001524.jpg,data6/depth/depth001524.npy
data6/rgb/rgb000001.jpg,data6/depth/depth000001.npy,data6/rgb/rgb001523.jpg,data6/depth/depth001523.npy
data6/rgb/rgb000004.jpg,data6/depth/depth000004.npy,data6/rgb/rgb001639.jpg,data6/depth/depth001639.npy
data6/rgb/rgb000000.jpg,data6/depth/depth000000.npy,data6/rgb/rgb001525.jpg,data6/depth/depth001525.npy
data6/rgb/rgb000226.jpg,data6/depth/depth000226.npy,data6/rgb/rgb001369.jpg,data6/depth/depth001369.npy
data6/rgb/rgb000227.jpg,data6/depth/depth000227.npy,data6/rgb/rgb001388.jpg,data6/depth/depth001388.npy
data6/rgb/rgb000271.jpg,data6/depth/depth000271.npy,data6/rgb/rgb001483.jpg,data6/depth/depth001483.npy
data6/rgb/rgb000267.jpg,data6/depth/depth000267.npy,data6/rgb/rgb001475.jpg,data6/depth/depth001475.npy
data6/rgb/rgb000266.jpg,data6/depth/depth000266.npy,data6/rgb/rgb001476.jpg,data6/depth/depth001476.npy
data6/rgb/rgb000268.jpg,data6/depth/depth000268.npy,data6/rgb/rgb001475.jpg,data6/depth/depth001475.npy
data6/rgb/rgb000264.jpg,data6/depth/depth000264.npy,data6/rgb/rgb001478.jpg,data6/depth/depth001478.npy
data6/rgb/rgb000269.jpg,data6/depth/depth000269.npy,data6/rgb/rgb001485.jpg,data6/depth/depth001485.npy
data6/rgb/rgb000229.jpg,data6/depth/depth000229.npy,data6/rgb/rgb001386.jpg,data6/depth/depth001386.npy
data6/rgb/rgb000265.jpg,data6/depth/depth000265.npy,data6/rgb/rgb001478.jpg,data6/depth/depth001478.npy
data6/rgb/rgb000270.jpg,data6/depth/depth000270.npy,data6/rgb/rgb001485.jpg,data6/depth/depth001485.npy
data6/rgb/rgb000263.jpg,data6/depth/depth000263.npy,data6/rgb/rgb001479.jpg,data6/depth/depth001479.npy
data6/rgb/rgb000230.jpg,data6/depth/depth000230.npy,data6/rgb/rgb001512.jpg,data6/depth/depth001512.npy
data6/rgb/rgb000228.jpg,data6/depth/depth000228.npy,data6/rgb/rgb001387.jpg,data6/depth/depth001387.npy
data6/rgb/rgb000262.jpg,data6/depth/depth000262.npy,data6/rgb/rgb001480.jpg,data6/depth/depth001480.npy
data6/rgb/rgb000261.jpg,data6/depth/depth000261.npy,data6/rgb/rgb001494.jpg,data6/depth/depth001494.npy
data6/rgb/rgb000245.jpg,data6/depth/depth000245.npy,data6/rgb/rgb001510.jpg,data6/depth/depth001510.npy
data6/rgb/rgb000248.jpg,data6/depth/depth000248.npy,data6/rgb/rgb001507.jpg,data6/depth/depth001507.npy
data6/rgb/rgb000252.jpg,data6/depth/depth000252.npy,data6/rgb/rgb001502.jpg,data6/depth/depth001502.npy
data6/rgb/rgb000250.jpg,data6/depth/depth000250.npy,data6/rgb/rgb001505.jpg,data6/depth/depth001505.npy
data6/rgb/rgb000247.jpg,data6/depth/depth000247.npy,data6/rgb/rgb001507.jpg,data6/depth/depth001507.npy
data6/rgb/rgb000244.jpg,data6/depth/depth000244.npy,data6/rgb/rgb001510.jpg,data6/depth/depth001510.npy
data6/rgb/rgb000246.jpg,data6/depth/depth000246.npy,data6/rgb/rgb001509.jpg,data6/depth/depth001509.npy
data6/rgb/rgb000236.jpg,data6/depth/depth000236.npy,data6/rgb/rgb001506.jpg,data6/depth/depth001506.npy
data6/rgb/rgb000231.jpg,data6/depth/depth000231.npy,data6/rgb/rgb001384.jpg,data6/depth/depth001384.npy
data6/rgb/rgb000249.jpg,data6/depth/depth000249.npy,data6/rgb/rgb001505.jpg,data6/depth/depth001505.npy
data6/rgb/rgb000234.jpg,data6/depth/depth000234.npy,data6/rgb/rgb001508.jpg,data6/depth/depth001508.npy
data6/rgb/rgb000242.jpg,data6/depth/depth000242.npy,data6/rgb/rgb001500.jpg,data6/depth/depth001500.npy
data6/rgb/rgb000243.jpg,data6/depth/depth000243.npy,data6/rgb/rgb001499.jpg,data6/depth/depth001499.npy
data6/rgb/rgb000255.jpg,data6/depth/depth000255.npy,data6/rgb/rgb001500.jpg,data6/depth/depth001500.npy
data6/rgb/rgb000237.jpg,data6/depth/depth000237.npy,data6/rgb/rgb001504.jpg,data6/depth/depth001504.npy
data6/rgb/rgb000257.jpg,data6/depth/depth000257.npy,data6/rgb/rgb001497.jpg,data6/depth/depth001497.npy
data6/rgb/rgb000235.jpg,data6/depth/depth000235.npy,data6/rgb/rgb001507.jpg,data6/depth/depth001507.npy
data6/rgb/rgb000238.jpg,data6/depth/depth000238.npy,data6/rgb/rgb001504.jpg,data6/depth/depth001504.npy
data6/rgb/rgb000253.jpg,data6/depth/depth000253.npy,data6/rgb/rgb001502.jpg,data6/depth/depth001502.npy
data6/rgb/rgb000258.jpg,data6/depth/depth000258.npy,data6/rgb/rgb001497.jpg,data6/depth/depth001497.npy
data6/rgb/rgb000254.jpg,data6/depth/depth000254.npy,data6/rgb/rgb001501.jpg,data6/depth/depth001501.npy
data6/rgb/rgb000259.jpg,data6/depth/depth000259.npy,data6/rgb/rgb001496.jpg,data6/depth/depth001496.npy
data6/rgb/rgb000251.jpg,data6/depth/depth000251.npy,data6/rgb/rgb001504.jpg,data6/depth/depth001504.npy
data6/rgb/rgb000260.jpg,data6/depth/depth000260.npy,data6/rgb/rgb001494.jpg,data6/depth/depth001494.npy
data6/rgb/rgb000241.jpg,data6/depth/depth000241.npy,data6/rgb/rgb001501.jpg,data6/depth/depth001501.npy
data6/rgb/rgb000232.jpg,data6/depth/depth000232.npy,data6/rgb/rgb001383.jpg,data6/depth/depth001383.npy
data6/rgb/rgb000256.jpg,data6/depth/depth000256.npy,data6/rgb/rgb001499.jpg,data6/depth/depth001499.npy
data6/rgb/rgb000239.jpg,data6/depth/depth000239.npy,data6/rgb/rgb001503.jpg,data6/depth/depth001503.npy
data6/rgb/rgb000233.jpg,data6/depth/depth000233.npy,data6/rgb/rgb001383.jpg,data6/depth/depth001383.npy
data6/rgb/rgb000240.jpg,data6/depth/depth000240.npy,data6/rgb/rgb001503.jpg,data6/depth/depth001503.npy
data6/rgb/rgb000367.jpg,data6/depth/depth000367.npy,data6/rgb/rgb001250.jpg,data6/depth/depth001250.npy
data6/rgb/rgb000363.jpg,data6/depth/depth000363.npy,data6/rgb/rgb001254.jpg,data6/depth/depth001254.npy
data6/rgb/rgb000365.jpg,data6/depth/depth000365.npy,data6/rgb/rgb001252.jpg,data6/depth/depth001252.npy
data6/rgb/rgb000373.jpg,data6/depth/depth000373.npy,data6/rgb/rgb001244.jpg,data6/depth/depth001244.npy
data6/rgb/rgb000364.jpg,data6/depth/depth000364.npy,data6/rgb/rgb001253.jpg,data6/depth/depth001253.npy
data6/rgb/rgb000369.jpg,data6/depth/depth000369.npy,data6/rgb/rgb001248.jpg,data6/depth/depth001248.npy
data6/rgb/rgb000371.jpg,data6/depth/depth000371.npy,data6/rgb/rgb001246.jpg,data6/depth/depth001246.npy
data6/rgb/rgb000366.jpg,data6/depth/depth000366.npy,data6/rgb/rgb001251.jpg,data6/depth/depth001251.npy
data6/rgb/rgb000338.jpg,data6/depth/depth000338.npy,data6/rgb/rgb001277.jpg,data6/depth/depth001277.npy
data6/rgb/rgb000368.jpg,data6/depth/depth000368.npy,data6/rgb/rgb001249.jpg,data6/depth/depth001249.npy
data6/rgb/rgb000361.jpg,data6/depth/depth000361.npy,data6/rgb/rgb001256.jpg,data6/depth/depth001256.npy
data6/rgb/rgb000337.jpg,data6/depth/depth000337.npy,data6/rgb/rgb001277.jpg,data6/depth/depth001277.npy
data6/rgb/rgb000375.jpg,data6/depth/depth000375.npy,data6/rgb/rgb001242.jpg,data6/depth/depth001242.npy
data6/rgb/rgb000374.jpg,data6/depth/depth000374.npy,data6/rgb/rgb001243.jpg,data6/depth/depth001243.npy
data6/rgb/rgb000370.jpg,data6/depth/depth000370.npy,data6/rgb/rgb001247.jpg,data6/depth/depth001247.npy
data6/rgb/rgb000372.jpg,data6/depth/depth000372.npy,data6/rgb/rgb001245.jpg,data6/depth/depth001245.npy
data6/rgb/rgb000353.jpg,data6/depth/depth000353.npy,data6/rgb/rgb001264.jpg,data6/depth/depth001264.npy
data6/rgb/rgb000376.jpg,data6/depth/depth000376.npy,data6/rgb/rgb001241.jpg,data6/depth/depth001241.npy
data6/rgb/rgb000342.jpg,data6/depth/depth000342.npy,data6/rgb/rgb001274.jpg,data6/depth/depth001274.npy
data6/rgb/rgb000362.jpg,data6/depth/depth000362.npy,data6/rgb/rgb001255.jpg,data6/depth/depth001255.npy
data6/rgb/rgb000351.jpg,data6/depth/depth000351.npy,data6/rgb/rgb001266.jpg,data6/depth/depth001266.npy
data6/rgb/rgb000356.jpg,data6/depth/depth000356.npy,data6/rgb/rgb001261.jpg,data6/depth/depth001261.npy
data6/rgb/rgb000377.jpg,data6/depth/depth000377.npy,data6/rgb/rgb001240.jpg,data6/depth/depth001240.npy
data6/rgb/rgb000355.jpg,data6/depth/depth000355.npy,data6/rgb/rgb001262.jpg,data6/depth/depth001262.npy
data6/rgb/rgb000382.jpg,data6/depth/depth000382.npy,data6/rgb/rgb001235.jpg,data6/depth/depth001235.npy
data6/rgb/rgb000339.jpg,data6/depth/depth000339.npy,data6/rgb/rgb001276.jpg,data6/depth/depth001276.npy
data6/rgb/rgb000354.jpg,data6/depth/depth000354.npy,data6/rgb/rgb001263.jpg,data6/depth/depth001263.npy
data6/rgb/rgb000468.jpg,data6/depth/depth000468.npy,data6/rgb/rgb001151.jpg,data6/depth/depth001151.npy
data6/rgb/rgb000341.jpg,data6/depth/depth000341.npy,data6/rgb/rgb001275.jpg,data6/depth/depth001275.npy
data6/rgb/rgb000360.jpg,data6/depth/depth000360.npy,data6/rgb/rgb001257.jpg,data6/depth/depth001257.npy
data6/rgb/rgb000467.jpg,data6/depth/depth000467.npy,data6/rgb/rgb001152.jpg,data6/depth/depth001152.npy
data6/rgb/rgb000380.jpg,data6/depth/depth000380.npy,data6/rgb/rgb001237.jpg,data6/depth/depth001237.npy
data6/rgb/rgb000379.jpg,data6/depth/depth000379.npy,data6/rgb/rgb001238.jpg,data6/depth/depth001238.npy
data6/rgb/rgb000396.jpg,data6/depth/depth000396.npy,data6/rgb/rgb001221.jpg,data6/depth/depth001221.npy
data6/rgb/rgb000343.jpg,data6/depth/depth000343.npy,data6/rgb/rgb001274.jpg,data6/depth/depth001274.npy
data6/rgb/rgb000340.jpg,data6/depth/depth000340.npy,data6/rgb/rgb001275.jpg,data6/depth/depth001275.npy
data6/rgb/rgb000395.jpg,data6/depth/depth000395.npy,data6/rgb/rgb001222.jpg,data6/depth/depth001222.npy
data6/rgb/rgb000383.jpg,data6/depth/depth000383.npy,data6/rgb/rgb001234.jpg,data6/depth/depth001234.npy
data6/rgb/rgb000465.jpg,data6/depth/depth000465.npy,data6/rgb/rgb001154.jpg,data6/depth/depth001154.npy
data6/rgb/rgb000403.jpg,data6/depth/depth000403.npy,data6/rgb/rgb001214.jpg,data6/depth/depth001214.npy
data6/rgb/rgb000407.jpg,data6/depth/depth000407.npy,data6/rgb/rgb001211.jpg,data6/depth/depth001211.npy
data6/rgb/rgb000410.jpg,data6/depth/depth000410.npy,data6/rgb/rgb001207.jpg,data6/depth/depth001207.npy
data6/rgb/rgb000460.jpg,data6/depth/depth000460.npy,data6/rgb/rgb001158.jpg,data6/depth/depth001158.npy
data6/rgb/rgb000345.jpg,data6/depth/depth000345.npy,data6/rgb/rgb001272.jpg,data6/depth/depth001272.npy
data6/rgb/rgb000357.jpg,data6/depth/depth000357.npy,data6/rgb/rgb001260.jpg,data6/depth/depth001260.npy
data6/rgb/rgb000378.jpg,data6/depth/depth000378.npy,data6/rgb/rgb001239.jpg,data6/depth/depth001239.npy
data6/rgb/rgb000358.jpg,data6/depth/depth000358.npy,data6/rgb/rgb001259.jpg,data6/depth/depth001259.npy
data6/rgb/rgb000409.jpg,data6/depth/depth000409.npy,data6/rgb/rgb001208.jpg,data6/depth/depth001208.npy
data6/rgb/rgb000397.jpg,data6/depth/depth000397.npy,data6/rgb/rgb001221.jpg,data6/depth/depth001221.npy
data6/rgb/rgb000466.jpg,data6/depth/depth000466.npy,data6/rgb/rgb001153.jpg,data6/depth/depth001153.npy
data6/rgb/rgb000393.jpg,data6/depth/depth000393.npy,data6/rgb/rgb001224.jpg,data6/depth/depth001224.npy
data6/rgb/rgb000464.jpg,data6/depth/depth000464.npy,data6/rgb/rgb001154.jpg,data6/depth/depth001154.npy
data6/rgb/rgb000406.jpg,data6/depth/depth000406.npy,data6/rgb/rgb001212.jpg,data6/depth/depth001212.npy
data6/rgb/rgb000347.jpg,data6/depth/depth000347.npy,data6/rgb/rgb001270.jpg,data6/depth/depth001270.npy
data6/rgb/rgb000359.jpg,data6/depth/depth000359.npy,data6/rgb/rgb001258.jpg,data6/depth/depth001258.npy
data6/rgb/rgb000346.jpg,data6/depth/depth000346.npy,data6/rgb/rgb001271.jpg,data6/depth/depth001271.npy
data6/rgb/rgb000384.jpg,data6/depth/depth000384.npy,data6/rgb/rgb001233.jpg,data6/depth/depth001233.npy
data6/rgb/rgb000408.jpg,data6/depth/depth000408.npy,data6/rgb/rgb001209.jpg,data6/depth/depth001209.npy
data6/rgb/rgb000419.jpg,data6/depth/depth000419.npy,data6/rgb/rgb001199.jpg,data6/depth/depth001199.npy
data6/rgb/rgb000404.jpg,data6/depth/depth000404.npy,data6/rgb/rgb001214.jpg,data6/depth/depth001214.npy
data6/rgb/rgb000411.jpg,data6/depth/depth000411.npy,data6/rgb/rgb001206.jpg,data6/depth/depth001206.npy
data6/rgb/rgb000385.jpg,data6/depth/depth000385.npy,data6/rgb/rgb001232.jpg,data6/depth/depth001232.npy
data6/rgb/rgb000463.jpg,data6/depth/depth000463.npy,data6/rgb/rgb001155.jpg,data6/depth/depth001155.npy
data6/rgb/rgb000352.jpg,data6/depth/depth000352.npy,data6/rgb/rgb001265.jpg,data6/depth/depth001265.npy
data6/rgb/rgb000405.jpg,data6/depth/depth000405.npy,data6/rgb/rgb001212.jpg,data6/depth/depth001212.npy
data6/rgb/rgb000458.jpg,data6/depth/depth000458.npy,data6/rgb/rgb001160.jpg,data6/depth/depth001160.npy
data6/rgb/rgb000450.jpg,data6/depth/depth000450.npy,data6/rgb/rgb001168.jpg,data6/depth/depth001168.npy
data6/rgb/rgb000401.jpg,data6/depth/depth000401.npy,data6/rgb/rgb001216.jpg,data6/depth/depth001216.npy
data6/rgb/rgb000344.jpg,data6/depth/depth000344.npy,data6/rgb/rgb001272.jpg,data6/depth/depth001272.npy
data6/rgb/rgb000391.jpg,data6/depth/depth000391.npy,data6/rgb/rgb001226.jpg,data6/depth/depth001226.npy
data6/rgb/rgb000414.jpg,data6/depth/depth000414.npy,data6/rgb/rgb001203.jpg,data6/depth/depth001203.npy
data6/rgb/rgb000416.jpg,data6/depth/depth000416.npy,data6/rgb/rgb001202.jpg,data6/depth/depth001202.npy
data6/rgb/rgb000413.jpg,data6/depth/depth000413.npy,data6/rgb/rgb001204.jpg,data6/depth/depth001204.npy
data6/rgb/rgb000461.jpg,data6/depth/depth000461.npy,data6/rgb/rgb001157.jpg,data6/depth/depth001157.npy
data6/rgb/rgb000392.jpg,data6/depth/depth000392.npy,data6/rgb/rgb001225.jpg,data6/depth/depth001225.npy
data6/rgb/rgb000398.jpg,data6/depth/depth000398.npy,data6/rgb/rgb001220.jpg,data6/depth/depth001220.npy
data6/rgb/rgb000381.jpg,data6/depth/depth000381.npy,data6/rgb/rgb001236.jpg,data6/depth/depth001236.npy
data6/rgb/rgb000426.jpg,data6/depth/depth000426.npy,data6/rgb/rgb001192.jpg,data6/depth/depth001192.npy
data6/rgb/rgb000469.jpg,data6/depth/depth000469.npy,data6/rgb/rgb001150.jpg,data6/depth/depth001150.npy
data6/rgb/rgb000389.jpg,data6/depth/depth000389.npy,data6/rgb/rgb001228.jpg,data6/depth/depth001228.npy
data6/rgb/rgb000417.jpg,data6/depth/depth000417.npy,data6/rgb/rgb001201.jpg,data6/depth/depth001201.npy
data6/rgb/rgb000421.jpg,data6/depth/depth000421.npy,data6/rgb/rgb001197.jpg,data6/depth/depth001197.npy
data6/rgb/rgb000462.jpg,data6/depth/depth000462.npy,data6/rgb/rgb001156.jpg,data6/depth/depth001156.npy
data6/rgb/rgb000415.jpg,data6/depth/depth000415.npy,data6/rgb/rgb001203.jpg,data6/depth/depth001203.npy
data6/rgb/rgb000386.jpg,data6/depth/depth000386.npy,data6/rgb/rgb001231.jpg,data6/depth/depth001231.npy
data6/rgb/rgb000449.jpg,data6/depth/depth000449.npy,data6/rgb/rgb001169.jpg,data6/depth/depth001169.npy
data6/rgb/rgb000348.jpg,data6/depth/depth000348.npy,data6/rgb/rgb001269.jpg,data6/depth/depth001269.npy
data6/rgb/rgb000457.jpg,data6/depth/depth000457.npy,data6/rgb/rgb001161.jpg,data6/depth/depth001161.npy
data6/rgb/rgb000394.jpg,data6/depth/depth000394.npy,data6/rgb/rgb001223.jpg,data6/depth/depth001223.npy
data6/rgb/rgb000447.jpg,data6/depth/depth000447.npy,data6/rgb/rgb001171.jpg,data6/depth/depth001171.npy
data6/rgb/rgb000425.jpg,data6/depth/depth000425.npy,data6/rgb/rgb001193.jpg,data6/depth/depth001193.npy
data6/rgb/rgb000349.jpg,data6/depth/depth000349.npy,data6/rgb/rgb001268.jpg,data6/depth/depth001268.npy
data6/rgb/rgb000453.jpg,data6/depth/depth000453.npy,data6/rgb/rgb001165.jpg,data6/depth/depth001165.npy
data6/rgb/rgb000451.jpg,data6/depth/depth000451.npy,data6/rgb/rgb001167.jpg,data6/depth/depth001167.npy
data6/rgb/rgb000399.jpg,data6/depth/depth000399.npy,data6/rgb/rgb001219.jpg,data6/depth/depth001219.npy
data6/rgb/rgb000350.jpg,data6/depth/depth000350.npy,data6/rgb/rgb001267.jpg,data6/depth/depth001267.npy
data6/rgb/rgb000427.jpg,data6/depth/depth000427.npy,data6/rgb/rgb001191.jpg,data6/depth/depth001191.npy
data6/rgb/rgb000387.jpg,data6/depth/depth000387.npy,data6/rgb/rgb001230.jpg,data6/depth/depth001230.npy
data6/rgb/rgb000412.jpg,data6/depth/depth000412.npy,data6/rgb/rgb001205.jpg,data6/depth/depth001205.npy
data6/rgb/rgb000455.jpg,data6/depth/depth000455.npy,data6/rgb/rgb001163.jpg,data6/depth/depth001163.npy
data6/rgb/rgb000459.jpg,data6/depth/depth000459.npy,data6/rgb/rgb001159.jpg,data6/depth/depth001159.npy
data6/rgb/rgb000470.jpg,data6/depth/depth000470.npy,data6/rgb/rgb001149.jpg,data6/depth/depth001149.npy
data6/rgb/rgb000448.jpg,data6/depth/depth000448.npy,data6/rgb/rgb001170.jpg,data6/depth/depth001170.npy
data6/rgb/rgb000390.jpg,data6/depth/depth000390.npy,data6/rgb/rgb001227.jpg,data6/depth/depth001227.npy
data6/rgb/rgb000400.jpg,data6/depth/depth000400.npy,data6/rgb/rgb001218.jpg,data6/depth/depth001218.npy
data6/rgb/rgb000477.jpg,data6/depth/depth000477.npy,data6/rgb/rgb001143.jpg,data6/depth/depth001143.npy
data6/rgb/rgb000388.jpg,data6/depth/depth000388.npy,data6/rgb/rgb001229.jpg,data6/depth/depth001229.npy
data6/rgb/rgb000402.jpg,data6/depth/depth000402.npy,data6/rgb/rgb001215.jpg,data6/depth/depth001215.npy
data6/rgb/rgb000474.jpg,data6/depth/depth000474.npy,data6/rgb/rgb001145.jpg,data6/depth/depth001145.npy
data6/rgb/rgb000476.jpg,data6/depth/depth000476.npy,data6/rgb/rgb001143.jpg,data6/depth/depth001143.npy
data6/rgb/rgb000444.jpg,data6/depth/depth000444.npy,data6/rgb/rgb001174.jpg,data6/depth/depth001174.npy
data6/rgb/rgb000471.jpg,data6/depth/depth000471.npy,data6/rgb/rgb001148.jpg,data6/depth/depth001148.npy
data6/rgb/rgb000443.jpg,data6/depth/depth000443.npy,data6/rgb/rgb001175.jpg,data6/depth/depth001175.npy
data6/rgb/rgb000479.jpg,data6/depth/depth000479.npy,data6/rgb/rgb001141.jpg,data6/depth/depth001141.npy
data6/rgb/rgb000472.jpg,data6/depth/depth000472.npy,data6/rgb/rgb001147.jpg,data6/depth/depth001147.npy
data6/rgb/rgb000475.jpg,data6/depth/depth000475.npy,data6/rgb/rgb001144.jpg,data6/depth/depth001144.npy
data6/rgb/rgb000445.jpg,data6/depth/depth000445.npy,data6/rgb/rgb001173.jpg,data6/depth/depth001173.npy
data6/rgb/rgb000480.jpg,data6/depth/depth000480.npy,data6/rgb/rgb001140.jpg,data6/depth/depth001140.npy
data6/rgb/rgb000431.jpg,data6/depth/depth000431.npy,data6/rgb/rgb001187.jpg,data6/depth/depth001187.npy
data6/rgb/rgb000478.jpg,data6/depth/depth000478.npy,data6/rgb/rgb001142.jpg,data6/depth/depth001142.npy
data6/rgb/rgb000481.jpg,data6/depth/depth000481.npy,data6/rgb/rgb001139.jpg,data6/depth/depth001139.npy
data6/rgb/rgb000482.jpg,data6/depth/depth000482.npy,data6/rgb/rgb001138.jpg,data6/depth/depth001138.npy
data6/rgb/rgb000428.jpg,data6/depth/depth000428.npy,data6/rgb/rgb001190.jpg,data6/depth/depth001190.npy
data6/rgb/rgb000500.jpg,data6/depth/depth000500.npy,data6/rgb/rgb001123.jpg,data6/depth/depth001123.npy
data6/rgb/rgb000437.jpg,data6/depth/depth000437.npy,data6/rgb/rgb001181.jpg,data6/depth/depth001181.npy
data6/rgb/rgb000438.jpg,data6/depth/depth000438.npy,data6/rgb/rgb001180.jpg,data6/depth/depth001180.npy
data6/rgb/rgb000484.jpg,data6/depth/depth000484.npy,data6/rgb/rgb001136.jpg,data6/depth/depth001136.npy
data6/rgb/rgb000434.jpg,data6/depth/depth000434.npy,data6/rgb/rgb001184.jpg,data6/depth/depth001184.npy
data6/rgb/rgb000497.jpg,data6/depth/depth000497.npy,data6/rgb/rgb001125.jpg,data6/depth/depth001125.npy
data6/rgb/rgb000473.jpg,data6/depth/depth000473.npy,data6/rgb/rgb001146.jpg,data6/depth/depth001146.npy
data6/rgb/rgb000483.jpg,data6/depth/depth000483.npy,data6/rgb/rgb001137.jpg,data6/depth/depth001137.npy
data6/rgb/rgb000512.jpg,data6/depth/depth000512.npy,data6/rgb/rgb001116.jpg,data6/depth/depth001116.npy
data6/rgb/rgb000499.jpg,data6/depth/depth000499.npy,data6/rgb/rgb001123.jpg,data6/depth/depth001123.npy
data6/rgb/rgb000430.jpg,data6/depth/depth000430.npy,data6/rgb/rgb001188.jpg,data6/depth/depth001188.npy
data6/rgb/rgb000498.jpg,data6/depth/depth000498.npy,data6/rgb/rgb001125.jpg,data6/depth/depth001125.npy
data6/rgb/rgb000501.jpg,data6/depth/depth000501.npy,data6/rgb/rgb001122.jpg,data6/depth/depth001122.npy
data6/rgb/rgb000485.jpg,data6/depth/depth000485.npy,data6/rgb/rgb001136.jpg,data6/depth/depth001136.npy
data6/rgb/rgb000487.jpg,data6/depth/depth000487.npy,data6/rgb/rgb001134.jpg,data6/depth/depth001134.npy
data6/rgb/rgb000486.jpg,data6/depth/depth000486.npy,data6/rgb/rgb001134.jpg,data6/depth/depth001134.npy
data6/rgb/rgb000490.jpg,data6/depth/depth000490.npy,data6/rgb/rgb001131.jpg,data6/depth/depth001131.npy
data6/rgb/rgb000488.jpg,data6/depth/depth000488.npy,data6/rgb/rgb001132.jpg,data6/depth/depth001132.npy
data6/rgb/rgb000511.jpg,data6/depth/depth000511.npy,data6/rgb/rgb001116.jpg,data6/depth/depth001116.npy
data6/rgb/rgb000491.jpg,data6/depth/depth000491.npy,data6/rgb/rgb001130.jpg,data6/depth/depth001130.npy
data6/rgb/rgb000489.jpg,data6/depth/depth000489.npy,data6/rgb/rgb001132.jpg,data6/depth/depth001132.npy
data6/rgb/rgb000495.jpg,data6/depth/depth000495.npy,data6/rgb/rgb001127.jpg,data6/depth/depth001127.npy
data6/rgb/rgb000513.jpg,data6/depth/depth000513.npy,data6/rgb/rgb001116.jpg,data6/depth/depth001116.npy
data6/rgb/rgb000496.jpg,data6/depth/depth000496.npy,data6/rgb/rgb001126.jpg,data6/depth/depth001126.npy
data6/rgb/rgb000502.jpg,data6/depth/depth000502.npy,data6/rgb/rgb001122.jpg,data6/depth/depth001122.npy
data6/rgb/rgb000494.jpg,data6/depth/depth000494.npy,data6/rgb/rgb001127.jpg,data6/depth/depth001127.npy
data6/rgb/rgb000510.jpg,data6/depth/depth000510.npy,data6/rgb/rgb001116.jpg,data6/depth/depth001116.npy
data6/rgb/rgb000493.jpg,data6/depth/depth000493.npy,data6/rgb/rgb001128.jpg,data6/depth/depth001128.npy
data6/rgb/rgb000492.jpg,data6/depth/depth000492.npy,data6/rgb/rgb001130.jpg,data6/depth/depth001130.npy
data6/rgb/rgb000517.jpg,data6/depth/depth000517.npy,data6/rgb/rgb001298.jpg,data6/depth/depth001298.npy
data6/rgb/rgb000509.jpg,data6/depth/depth000509.npy,data6/rgb/rgb001117.jpg,data6/depth/depth001117.npy
data6/rgb/rgb000514.jpg,data6/depth/depth000514.npy,data6/rgb/rgb001116.jpg,data6/depth/depth001116.npy
data6/rgb/rgb000518.jpg,data6/depth/depth000518.npy,data6/rgb/rgb001295.jpg,data6/depth/depth001295.npy
data6/rgb/rgb000515.jpg,data6/depth/depth000515.npy,data6/rgb/rgb001116.jpg,data6/depth/depth001116.npy
data6/rgb/rgb000529.jpg,data6/depth/depth000529.npy,data6/rgb/rgb001285.jpg,data6/depth/depth001285.npy
data6/rgb/rgb000516.jpg,data6/depth/depth000516.npy,data6/rgb/rgb001298.jpg,data6/depth/depth001298.npy
data6/rgb/rgb000520.jpg,data6/depth/depth000520.npy,data6/rgb/rgb001293.jpg,data6/depth/depth001293.npy
data6/rgb/rgb000527.jpg,data6/depth/depth000527.npy,data6/rgb/rgb001287.jpg,data6/depth/depth001287.npy
data6/rgb/rgb000526.jpg,data6/depth/depth000526.npy,data6/rgb/rgb001288.jpg,data6/depth/depth001288.npy
data6/rgb/rgb000533.jpg,data6/depth/depth000533.npy,data6/rgb/rgb001281.jpg,data6/depth/depth001281.npy
data6/rgb/rgb000530.jpg,data6/depth/depth000530.npy,data6/rgb/rgb001284.jpg,data6/depth/depth001284.npy
data6/rgb/rgb000508.jpg,data6/depth/depth000508.npy,data6/rgb/rgb001311.jpg,data6/depth/depth001311.npy
data6/rgb/rgb000503.jpg,data6/depth/depth000503.npy,data6/rgb/rgb001120.jpg,data6/depth/depth001120.npy
data6/rgb/rgb000534.jpg,data6/depth/depth000534.npy,data6/rgb/rgb001281.jpg,data6/depth/depth001281.npy
data6/rgb/rgb000541.jpg,data6/depth/depth000541.npy,data6/rgb/rgb001303.jpg,data6/depth/depth001303.npy
data6/rgb/rgb000521.jpg,data6/depth/depth000521.npy,data6/rgb/rgb001292.jpg,data6/depth/depth001292.npy
data6/rgb/rgb000528.jpg,data6/depth/depth000528.npy,data6/rgb/rgb001287.jpg,data6/depth/depth001287.npy
data6/rgb/rgb000525.jpg,data6/depth/depth000525.npy,data6/rgb/rgb001290.jpg,data6/depth/depth001290.npy
data6/rgb/rgb000532.jpg,data6/depth/depth000532.npy,data6/rgb/rgb001308.jpg,data6/depth/depth001308.npy
data6/rgb/rgb000542.jpg,data6/depth/depth000542.npy,data6/rgb/rgb001303.jpg,data6/depth/depth001303.npy
data6/rgb/rgb000563.jpg,data6/depth/depth000563.npy,data6/rgb/rgb001313.jpg,data6/depth/depth001313.npy
data6/rgb/rgb000524.jpg,data6/depth/depth000524.npy,data6/rgb/rgb001290.jpg,data6/depth/depth001290.npy
data6/rgb/rgb000522.jpg,data6/depth/depth000522.npy,data6/rgb/rgb001292.jpg,data6/depth/depth001292.npy
data6/rgb/rgb000535.jpg,data6/depth/depth000535.npy,data6/rgb/rgb001283.jpg,data6/depth/depth001283.npy
data6/rgb/rgb000546.jpg,data6/depth/depth000546.npy,data6/rgb/rgb001297.jpg,data6/depth/depth001297.npy
data6/rgb/rgb000531.jpg,data6/depth/depth000531.npy,data6/rgb/rgb001302.jpg,data6/depth/depth001302.npy
data6/rgb/rgb000543.jpg,data6/depth/depth000543.npy,data6/rgb/rgb001303.jpg,data6/depth/depth001303.npy
data6/rgb/rgb000545.jpg,data6/depth/depth000545.npy,data6/rgb/rgb001298.jpg,data6/depth/depth001298.npy
data6/rgb/rgb000536.jpg,data6/depth/depth000536.npy,data6/rgb/rgb001283.jpg,data6/depth/depth001283.npy
data6/rgb/rgb000523.jpg,data6/depth/depth000523.npy,data6/rgb/rgb001292.jpg,data6/depth/depth001292.npy
data6/rgb/rgb000540.jpg,data6/depth/depth000540.npy,data6/rgb/rgb001303.jpg,data6/depth/depth001303.npy
data6/rgb/rgb000550.jpg,data6/depth/depth000550.npy,data6/rgb/rgb001291.jpg,data6/depth/depth001291.npy
data6/rgb/rgb000547.jpg,data6/depth/depth000547.npy,data6/rgb/rgb001297.jpg,data6/depth/depth001297.npy
data6/rgb/rgb000562.jpg,data6/depth/depth000562.npy,data6/rgb/rgb001317.jpg,data6/depth/depth001317.npy
data6/rgb/rgb000538.jpg,data6/depth/depth000538.npy,data6/rgb/rgb001308.jpg,data6/depth/depth001308.npy
data6/rgb/rgb000544.jpg,data6/depth/depth000544.npy,data6/rgb/rgb001298.jpg,data6/depth/depth001298.npy
data6/rgb/rgb000539.jpg,data6/depth/depth000539.npy,data6/rgb/rgb001303.jpg,data6/depth/depth001303.npy
data6/rgb/rgb000561.jpg,data6/depth/depth000561.npy,data6/rgb/rgb001317.jpg,data6/depth/depth001317.npy
data6/rgb/rgb000551.jpg,data6/depth/depth000551.npy,data6/rgb/rgb001290.jpg,data6/depth/depth001290.npy
data6/rgb/rgb000537.jpg,data6/depth/depth000537.npy,data6/rgb/rgb001310.jpg,data6/depth/depth001310.npy
data6/rgb/rgb000505.jpg,data6/depth/depth000505.npy,data6/rgb/rgb001117.jpg,data6/depth/depth001117.npy
data6/rgb/rgb000549.jpg,data6/depth/depth000549.npy,data6/rgb/rgb001292.jpg,data6/depth/depth001292.npy
data6/rgb/rgb000507.jpg,data6/depth/depth000507.npy,data6/rgb/rgb001116.jpg,data6/depth/depth001116.npy
data6/rgb/rgb000552.jpg,data6/depth/depth000552.npy,data6/rgb/rgb001306.jpg,data6/depth/depth001306.npy
data6/rgb/rgb000560.jpg,data6/depth/depth000560.npy,data6/rgb/rgb001317.jpg,data6/depth/depth001317.npy
data6/rgb/rgb000548.jpg,data6/depth/depth000548.npy,data6/rgb/rgb001294.jpg,data6/depth/depth001294.npy
data6/rgb/rgb000553.jpg,data6/depth/depth000553.npy,data6/rgb/rgb001290.jpg,data6/depth/depth001290.npy
data6/rgb/rgb000557.jpg,data6/depth/depth000557.npy,data6/rgb/rgb001310.jpg,data6/depth/depth001310.npy
data6/rgb/rgb000504.jpg,data6/depth/depth000504.npy,data6/rgb/rgb001119.jpg,data6/depth/depth001119.npy
data6/rgb/rgb000556.jpg,data6/depth/depth000556.npy,data6/rgb/rgb001286.jpg,data6/depth/depth001286.npy
data6/rgb/rgb000559.jpg,data6/depth/depth000559.npy,data6/rgb/rgb001317.jpg,data6/depth/depth001317.npy
data6/rgb/rgb000554.jpg,data6/depth/depth000554.npy,data6/rgb/rgb001290.jpg,data6/depth/depth001290.npy
data6/rgb/rgb000555.jpg,data6/depth/depth000555.npy,data6/rgb/rgb001287.jpg,data6/depth/depth001287.npy
data6/rgb/rgb000558.jpg,data6/depth/depth000558.npy,data6/rgb/rgb001282.jpg,data6/depth/depth001282.npy
data6/rgb/rgb000506.jpg,data6/depth/depth000506.npy,data6/rgb/rgb001116.jpg,data6/depth/depth001116.npy
data6/rgb/rgb000654.jpg,data6/depth/depth000654.npy,data6/rgb/rgb000977.jpg,data6/depth/depth000977.npy
data6/rgb/rgb000650.jpg,data6/depth/depth000650.npy,data6/rgb/rgb000981.jpg,data6/depth/depth000981.npy
data6/rgb/rgb000651.jpg,data6/depth/depth000651.npy,data6/rgb/rgb000980.jpg,data6/depth/depth000980.npy
data6/rgb/rgb000653.jpg,data6/depth/depth000653.npy,data6/rgb/rgb000978.jpg,data6/depth/depth000978.npy
data6/rgb/rgb000649.jpg,data6/depth/depth000649.npy,data6/rgb/rgb000982.jpg,data6/depth/depth000982.npy
data6/rgb/rgb000652.jpg,data6/depth/depth000652.npy,data6/rgb/rgb000979.jpg,data6/depth/depth000979.npy
data6/rgb/rgb000655.jpg,data6/depth/depth000655.npy,data6/rgb/rgb000976.jpg,data6/depth/depth000976.npy
data6/rgb/rgb000663.jpg,data6/depth/depth000663.npy,data6/rgb/rgb000969.jpg,data6/depth/depth000969.npy
data6/rgb/rgb000662.jpg,data6/depth/depth000662.npy,data6/rgb/rgb000970.jpg,data6/depth/depth000970.npy
data6/rgb/rgb000673.jpg,data6/depth/depth000673.npy,data6/rgb/rgb000961.jpg,data6/depth/depth000961.npy
data6/rgb/rgb000664.jpg,data6/depth/depth000664.npy,data6/rgb/rgb000968.jpg,data6/depth/depth000968.npy
data6/rgb/rgb000647.jpg,data6/depth/depth000647.npy,data6/rgb/rgb000984.jpg,data6/depth/depth000984.npy
data6/rgb/rgb000665.jpg,data6/depth/depth000665.npy,data6/rgb/rgb000967.jpg,data6/depth/depth000967.npy
data6/rgb/rgb000661.jpg,data6/depth/depth000661.npy,data6/rgb/rgb000971.jpg,data6/depth/depth000971.npy
data6/rgb/rgb000646.jpg,data6/depth/depth000646.npy,data6/rgb/rgb000985.jpg,data6/depth/depth000985.npy
data6/rgb/rgb000669.jpg,data6/depth/depth000669.npy,data6/rgb/rgb000964.jpg,data6/depth/depth000964.npy
data6/rgb/rgb000648.jpg,data6/depth/depth000648.npy,data6/rgb/rgb000983.jpg,data6/depth/depth000983.npy
data6/rgb/rgb000656.jpg,data6/depth/depth000656.npy,data6/rgb/rgb000975.jpg,data6/depth/depth000975.npy
data6/rgb/rgb000666.jpg,data6/depth/depth000666.npy,data6/rgb/rgb000966.jpg,data6/depth/depth000966.npy
data6/rgb/rgb000644.jpg,data6/depth/depth000644.npy,data6/rgb/rgb000987.jpg,data6/depth/depth000987.npy
data6/rgb/rgb000670.jpg,data6/depth/depth000670.npy,data6/rgb/rgb000963.jpg,data6/depth/depth000963.npy
data6/rgb/rgb000659.jpg,data6/depth/depth000659.npy,data6/rgb/rgb000973.jpg,data6/depth/depth000973.npy
data6/rgb/rgb000634.jpg,data6/depth/depth000634.npy,data6/rgb/rgb000996.jpg,data6/depth/depth000996.npy
data6/rgb/rgb000660.jpg,data6/depth/depth000660.npy,data6/rgb/rgb000972.jpg,data6/depth/depth000972.npy
data6/rgb/rgb000645.jpg,data6/depth/depth000645.npy,data6/rgb/rgb000986.jpg,data6/depth/depth000986.npy
data6/rgb/rgb000631.jpg,data6/depth/depth000631.npy,data6/rgb/rgb001000.jpg,data6/depth/depth001000.npy
data6/rgb/rgb000672.jpg,data6/depth/depth000672.npy,data6/rgb/rgb000962.jpg,data6/depth/depth000962.npy
data6/rgb/rgb000678.jpg,data6/depth/depth000678.npy,data6/rgb/rgb000957.jpg,data6/depth/depth000957.npy
data6/rgb/rgb000642.jpg,data6/depth/depth000642.npy,data6/rgb/rgb000989.jpg,data6/depth/depth000989.npy
data6/rgb/rgb000633.jpg,data6/depth/depth000633.npy,data6/rgb/rgb000997.jpg,data6/depth/depth000997.npy
data6/rgb/rgb000668.jpg,data6/depth/depth000668.npy,data6/rgb/rgb000965.jpg,data6/depth/depth000965.npy
data6/rgb/rgb000679.jpg,data6/depth/depth000679.npy,data6/rgb/rgb000956.jpg,data6/depth/depth000956.npy
data6/rgb/rgb000683.jpg,data6/depth/depth000683.npy,data6/rgb/rgb000953.jpg,data6/depth/depth000953.npy
data6/rgb/rgb000641.jpg,data6/depth/depth000641.npy,data6/rgb/rgb000990.jpg,data6/depth/depth000990.npy
data6/rgb/rgb000632.jpg,data6/depth/depth000632.npy,data6/rgb/rgb000999.jpg,data6/depth/depth000999.npy
data6/rgb/rgb000682.jpg,data6/depth/depth000682.npy,data6/rgb/rgb000954.jpg,data6/depth/depth000954.npy
data6/rgb/rgb000677.jpg,data6/depth/depth000677.npy,data6/rgb/rgb000958.jpg,data6/depth/depth000958.npy
data6/rgb/rgb000640.jpg,data6/depth/depth000640.npy,data6/rgb/rgb000991.jpg,data6/depth/depth000991.npy
data6/rgb/rgb000637.jpg,data6/depth/depth000637.npy,data6/rgb/rgb000993.jpg,data6/depth/depth000993.npy
data6/rgb/rgb000691.jpg,data6/depth/depth000691.npy,data6/rgb/rgb000946.jpg,data6/depth/depth000946.npy
data6/rgb/rgb000684.jpg,data6/depth/depth000684.npy,data6/rgb/rgb000952.jpg,data6/depth/depth000952.npy
data6/rgb/rgb000658.jpg,data6/depth/depth000658.npy,data6/rgb/rgb000974.jpg,data6/depth/depth000974.npy
data6/rgb/rgb000636.jpg,data6/depth/depth000636.npy,data6/rgb/rgb000995.jpg,data6/depth/depth000995.npy
data6/rgb/rgb000627.jpg,data6/depth/depth000627.npy,data6/rgb/rgb001003.jpg,data6/depth/depth001003.npy
data6/rgb/rgb000643.jpg,data6/depth/depth000643.npy,data6/rgb/rgb000988.jpg,data6/depth/depth000988.npy
data6/rgb/rgb000681.jpg,data6/depth/depth000681.npy,data6/rgb/rgb000955.jpg,data6/depth/depth000955.npy
data6/rgb/rgb000693.jpg,data6/depth/depth000693.npy,data6/rgb/rgb000944.jpg,data6/depth/depth000944.npy
data6/rgb/rgb000690.jpg,data6/depth/depth000690.npy,data6/rgb/rgb000947.jpg,data6/depth/depth000947.npy
data6/rgb/rgb000692.jpg,data6/depth/depth000692.npy,data6/rgb/rgb000945.jpg,data6/depth/depth000945.npy
data6/rgb/rgb000729.jpg,data6/depth/depth000729.npy,data6/rgb/rgb000916.jpg,data6/depth/depth000916.npy
data6/rgb/rgb000639.jpg,data6/depth/depth000639.npy,data6/rgb/rgb000992.jpg,data6/depth/depth000992.npy
data6/rgb/rgb000685.jpg,data6/depth/depth000685.npy,data6/rgb/rgb000951.jpg,data6/depth/depth000951.npy
data6/rgb/rgb000675.jpg,data6/depth/depth000675.npy,data6/rgb/rgb000959.jpg,data6/depth/depth000959.npy
data6/rgb/rgb000638.jpg,data6/depth/depth000638.npy,data6/rgb/rgb000993.jpg,data6/depth/depth000993.npy
data6/rgb/rgb000735.jpg,data6/depth/depth000735.npy,data6/rgb/rgb000912.jpg,data6/depth/depth000912.npy
data6/rgb/rgb000733.jpg,data6/depth/depth000733.npy,data6/rgb/rgb000913.jpg,data6/depth/depth000913.npy
data6/rgb/rgb000732.jpg,data6/depth/depth000732.npy,data6/rgb/rgb000914.jpg,data6/depth/depth000914.npy
data6/rgb/rgb000622.jpg,data6/depth/depth000622.npy,data6/rgb/rgb001006.jpg,data6/depth/depth001006.npy
data6/rgb/rgb000623.jpg,data6/depth/depth000623.npy,data6/rgb/rgb001005.jpg,data6/depth/depth001005.npy
data6/rgb/rgb000657.jpg,data6/depth/depth000657.npy,data6/rgb/rgb000974.jpg,data6/depth/depth000974.npy
data6/rgb/rgb000700.jpg,data6/depth/depth000700.npy,data6/rgb/rgb000938.jpg,data6/depth/depth000938.npy
data6/rgb/rgb000626.jpg,data6/depth/depth000626.npy,data6/rgb/rgb001004.jpg,data6/depth/depth001004.npy
data6/rgb/rgb000694.jpg,data6/depth/depth000694.npy,data6/rgb/rgb000943.jpg,data6/depth/depth000943.npy
data6/rgb/rgb000674.jpg,data6/depth/depth000674.npy,data6/rgb/rgb000960.jpg,data6/depth/depth000960.npy
data6/rgb/rgb000635.jpg,data6/depth/depth000635.npy,data6/rgb/rgb000995.jpg,data6/depth/depth000995.npy
data6/rgb/rgb000751.jpg,data6/depth/depth000751.npy,data6/rgb/rgb000901.jpg,data6/depth/depth000901.npy
data6/rgb/rgb000710.jpg,data6/depth/depth000710.npy,data6/rgb/rgb000930.jpg,data6/depth/depth000930.npy
data6/rgb/rgb000671.jpg,data6/depth/depth000671.npy,data6/rgb/rgb000962.jpg,data6/depth/depth000962.npy
data6/rgb/rgb000689.jpg,data6/depth/depth000689.npy,data6/rgb/rgb000948.jpg,data6/depth/depth000948.npy
data6/rgb/rgb000745.jpg,data6/depth/depth000745.npy,data6/rgb/rgb000905.jpg,data6/depth/depth000905.npy
data6/rgb/rgb000676.jpg,data6/depth/depth000676.npy,data6/rgb/rgb000959.jpg,data6/depth/depth000959.npy
data6/rgb/rgb000699.jpg,data6/depth/depth000699.npy,data6/rgb/rgb000939.jpg,data6/depth/depth000939.npy
data6/rgb/rgb000726.jpg,data6/depth/depth000726.npy,data6/rgb/rgb000918.jpg,data6/depth/depth000918.npy
data6/rgb/rgb000718.jpg,data6/depth/depth000718.npy,data6/rgb/rgb000924.jpg,data6/depth/depth000924.npy
data6/rgb/rgb000748.jpg,data6/depth/depth000748.npy,data6/rgb/rgb000903.jpg,data6/depth/depth000903.npy
data6/rgb/rgb000727.jpg,data6/depth/depth000727.npy,data6/rgb/rgb000918.jpg,data6/depth/depth000918.npy
data6/rgb/rgb000680.jpg,data6/depth/depth000680.npy,data6/rgb/rgb000955.jpg,data6/depth/depth000955.npy
data6/rgb/rgb000724.jpg,data6/depth/depth000724.npy,data6/rgb/rgb000920.jpg,data6/depth/depth000920.npy
data6/rgb/rgb000712.jpg,data6/depth/depth000712.npy,data6/rgb/rgb000929.jpg,data6/depth/depth000929.npy
data6/rgb/rgb000754.jpg,data6/depth/depth000754.npy,data6/rgb/rgb000898.jpg,data6/depth/depth000898.npy
data6/rgb/rgb000717.jpg,data6/depth/depth000717.npy,data6/rgb/rgb000925.jpg,data6/depth/depth000925.npy
data6/rgb/rgb000730.jpg,data6/depth/depth000730.npy,data6/rgb/rgb000915.jpg,data6/depth/depth000915.npy
data6/rgb/rgb000728.jpg,data6/depth/depth000728.npy,data6/rgb/rgb000917.jpg,data6/depth/depth000917.npy
data6/rgb/rgb000667.jpg,data6/depth/depth000667.npy,data6/rgb/rgb000965.jpg,data6/depth/depth000965.npy
data6/rgb/rgb000695.jpg,data6/depth/depth000695.npy,data6/rgb/rgb000942.jpg,data6/depth/depth000942.npy
data6/rgb/rgb000704.jpg,data6/depth/depth000704.npy,data6/rgb/rgb000935.jpg,data6/depth/depth000935.npy
data6/rgb/rgb000701.jpg,data6/depth/depth000701.npy,data6/rgb/rgb000937.jpg,data6/depth/depth000937.npy
data6/rgb/rgb000709.jpg,data6/depth/depth000709.npy,data6/rgb/rgb000931.jpg,data6/depth/depth000931.npy
data6/rgb/rgb000716.jpg,data6/depth/depth000716.npy,data6/rgb/rgb000926.jpg,data6/depth/depth000926.npy
data6/rgb/rgb000698.jpg,data6/depth/depth000698.npy,data6/rgb/rgb000940.jpg,data6/depth/depth000940.npy
data6/rgb/rgb000746.jpg,data6/depth/depth000746.npy,data6/rgb/rgb000904.jpg,data6/depth/depth000904.npy
data6/rgb/rgb000708.jpg,data6/depth/depth000708.npy,data6/rgb/rgb000932.jpg,data6/depth/depth000932.npy
data6/rgb/rgb000713.jpg,data6/depth/depth000713.npy,data6/rgb/rgb000928.jpg,data6/depth/depth000928.npy
data6/rgb/rgb000705.jpg,data6/depth/depth000705.npy,data6/rgb/rgb000934.jpg,data6/depth/depth000934.npy
data6/rgb/rgb000736.jpg,data6/depth/depth000736.npy,data6/rgb/rgb000911.jpg,data6/depth/depth000911.npy
data6/rgb/rgb000752.jpg,data6/depth/depth000752.npy,data6/rgb/rgb000900.jpg,data6/depth/depth000900.npy
data6/rgb/rgb000714.jpg,data6/depth/depth000714.npy,data6/rgb/rgb000927.jpg,data6/depth/depth000927.npy
data6/rgb/rgb000738.jpg,data6/depth/depth000738.npy,data6/rgb/rgb000910.jpg,data6/depth/depth000910.npy
data6/rgb/rgb000731.jpg,data6/depth/depth000731.npy,data6/rgb/rgb000915.jpg,data6/depth/depth000915.npy
data6/rgb/rgb000688.jpg,data6/depth/depth000688.npy,data6/rgb/rgb000949.jpg,data6/depth/depth000949.npy
data6/rgb/rgb000696.jpg,data6/depth/depth000696.npy,data6/rgb/rgb000942.jpg,data6/depth/depth000942.npy
data6/rgb/rgb000702.jpg,data6/depth/depth000702.npy,data6/rgb/rgb000937.jpg,data6/depth/depth000937.npy
data6/rgb/rgb000697.jpg,data6/depth/depth000697.npy,data6/rgb/rgb000941.jpg,data6/depth/depth000941.npy
data6/rgb/rgb000715.jpg,data6/depth/depth000715.npy,data6/rgb/rgb000927.jpg,data6/depth/depth000927.npy
data6/rgb/rgb000749.jpg,data6/depth/depth000749.npy,data6/rgb/rgb000902.jpg,data6/depth/depth000902.npy
data6/rgb/rgb000722.jpg,data6/depth/depth000722.npy,data6/rgb/rgb000921.jpg,data6/depth/depth000921.npy
data6/rgb/rgb000703.jpg,data6/depth/depth000703.npy,data6/rgb/rgb000936.jpg,data6/depth/depth000936.npy
data6/rgb/rgb000725.jpg,data6/depth/depth000725.npy,data6/rgb/rgb000919.jpg,data6/depth/depth000919.npy
data6/rgb/rgb000734.jpg,data6/depth/depth000734.npy,data6/rgb/rgb000913.jpg,data6/depth/depth000913.npy
data6/rgb/rgb000720.jpg,data6/depth/depth000720.npy,data6/rgb/rgb000923.jpg,data6/depth/depth000923.npy
data6/rgb/rgb000630.jpg,data6/depth/depth000630.npy,data6/rgb/rgb001001.jpg,data6/depth/depth001001.npy
data6/rgb/rgb000721.jpg,data6/depth/depth000721.npy,data6/rgb/rgb000922.jpg,data6/depth/depth000922.npy
data6/rgb/rgb000707.jpg,data6/depth/depth000707.npy,data6/rgb/rgb000933.jpg,data6/depth/depth000933.npy
data6/rgb/rgb000753.jpg,data6/depth/depth000753.npy,data6/rgb/rgb000899.jpg,data6/depth/depth000899.npy
data6/rgb/rgb000719.jpg,data6/depth/depth000719.npy,data6/rgb/rgb000924.jpg,data6/depth/depth000924.npy
data6/rgb/rgb000711.jpg,data6/depth/depth000711.npy,data6/rgb/rgb000930.jpg,data6/depth/depth000930.npy
data6/rgb/rgb000706.jpg,data6/depth/depth000706.npy,data6/rgb/rgb000934.jpg,data6/depth/depth000934.npy
data6/rgb/rgb000742.jpg,data6/depth/depth000742.npy,data6/rgb/rgb000907.jpg,data6/depth/depth000907.npy
data6/rgb/rgb000624.jpg,data6/depth/depth000624.npy,data6/rgb/rgb001005.jpg,data6/depth/depth001005.npy
data6/rgb/rgb000743.jpg,data6/depth/depth000743.npy,data6/rgb/rgb000906.jpg,data6/depth/depth000906.npy
data6/rgb/rgb000739.jpg,data6/depth/depth000739.npy,data6/rgb/rgb000909.jpg,data6/depth/depth000909.npy
data6/rgb/rgb000628.jpg,data6/depth/depth000628.npy,data6/rgb/rgb001002.jpg,data6/depth/depth001002.npy
data6/rgb/rgb000723.jpg,data6/depth/depth000723.npy,data6/rgb/rgb000921.jpg,data6/depth/depth000921.npy
data6/rgb/rgb000741.jpg,data6/depth/depth000741.npy,data6/rgb/rgb000908.jpg,data6/depth/depth000908.npy
data6/rgb/rgb000737.jpg,data6/depth/depth000737.npy,data6/rgb/rgb000911.jpg,data6/depth/depth000911.npy
data6/rgb/rgb000740.jpg,data6/depth/depth000740.npy,data6/rgb/rgb000909.jpg,data6/depth/depth000909.npy
data6/rgb/rgb000744.jpg,data6/depth/depth000744.npy,data6/rgb/rgb000906.jpg,data6/depth/depth000906.npy
data6/rgb/rgb000625.jpg,data6/depth/depth000625.npy,data6/rgb/rgb001004.jpg,data6/depth/depth001004.npy
data6/rgb/rgb000629.jpg,data6/depth/depth000629.npy,data6/rgb/rgb001002.jpg,data6/depth/depth001002.npy
data6/rgb/rgb000750.jpg,data6/depth/depth000750.npy,data6/rgb/rgb000901.jpg,data6/depth/depth000901.npy
data6/rgb/rgb000747.jpg,data6/depth/depth000747.npy,data6/rgb/rgb000904.jpg,data6/depth/depth000904.npy
data6/rgb/rgb000756.jpg,data6/depth/depth000756.npy,data6/rgb/rgb000896.jpg,data6/depth/depth000896.npy
data6/rgb/rgb000758.jpg,data6/depth/depth000758.npy,data6/rgb/rgb000895.jpg,data6/depth/depth000895.npy
data6/rgb/rgb000759.jpg,data6/depth/depth000759.npy,data6/rgb/rgb000894.jpg,data6/depth/depth000894.npy
data6/rgb/rgb000755.jpg,data6/depth/depth000755.npy,data6/rgb/rgb000897.jpg,data6/depth/depth000897.npy
data6/rgb/rgb000765.jpg,data6/depth/depth000765.npy,data6/rgb/rgb000889.jpg,data6/depth/depth000889.npy
data6/rgb/rgb000766.jpg,data6/depth/depth000766.npy,data6/rgb/rgb000888.jpg,data6/depth/depth000888.npy
data6/rgb/rgb000757.jpg,data6/depth/depth000757.npy,data6/rgb/rgb000896.jpg,data6/depth/depth000896.npy
data6/rgb/rgb000763.jpg,data6/depth/depth000763.npy,data6/rgb/rgb000891.jpg,data6/depth/depth000891.npy
data6/rgb/rgb000760.jpg,data6/depth/depth000760.npy,data6/rgb/rgb000894.jpg,data6/depth/depth000894.npy
data6/rgb/rgb000764.jpg,data6/depth/depth000764.npy,data6/rgb/rgb000890.jpg,data6/depth/depth000890.npy
data6/rgb/rgb000761.jpg,data6/depth/depth000761.npy,data6/rgb/rgb000893.jpg,data6/depth/depth000893.npy
data6/rgb/rgb000767.jpg,data6/depth/depth000767.npy,data6/rgb/rgb000888.jpg,data6/depth/depth000888.npy
data6/rgb/rgb000762.jpg,data6/depth/depth000762.npy,data6/rgb/rgb000892.jpg,data6/depth/depth000892.npy
data6/rgb/rgb000768.jpg,data6/depth/depth000768.npy,data6/rgb/rgb000888.jpg,data6/depth/depth000888.npy
data6/rgb/rgb000769.jpg,data6/depth/depth000769.npy,data6/rgb/rgb000888.jpg,data6/depth/depth000888.npy
data6/rgb/rgb000770.jpg,data6/depth/depth000770.npy,data6/rgb/rgb000888.jpg,data6/depth/depth000888.npy
data6/rgb/rgb000771.jpg,data6/depth/depth000771.npy,data6/rgb/rgb000888.jpg,data6/depth/depth000888.npy
data6/rgb/rgb000829.jpg,data6/depth/depth000829.npy,data6/rgb/rgb001042.jpg,data6/depth/depth001042.npy
data6/rgb/rgb000772.jpg,data6/depth/depth000772.npy,data6/rgb/rgb000888.jpg,data6/depth/depth000888.npy
data6/rgb/rgb000827.jpg,data6/depth/depth000827.npy,data6/rgb/rgb001044.jpg,data6/depth/depth001044.npy
data6/rgb/rgb000828.jpg,data6/depth/depth000828.npy,data6/rgb/rgb001043.jpg,data6/depth/depth001043.npy
data6/rgb/rgb000824.jpg,data6/depth/depth000824.npy,data6/rgb/rgb001047.jpg,data6/depth/depth001047.npy
data6/rgb/rgb000821.jpg,data6/depth/depth000821.npy,data6/rgb/rgb001050.jpg,data6/depth/depth001050.npy
data6/rgb/rgb000820.jpg,data6/depth/depth000820.npy,data6/rgb/rgb001050.jpg,data6/depth/depth001050.npy
data6/rgb/rgb000773.jpg,data6/depth/depth000773.npy,data6/rgb/rgb000888.jpg,data6/depth/depth000888.npy
data6/rgb/rgb000774.jpg,data6/depth/depth000774.npy,data6/rgb/rgb000888.jpg,data6/depth/depth000888.npy
data6/rgb/rgb000794.jpg,data6/depth/depth000794.npy,data6/rgb/rgb000891.jpg,data6/depth/depth000891.npy
data6/rgb/rgb000822.jpg,data6/depth/depth000822.npy,data6/rgb/rgb001050.jpg,data6/depth/depth001050.npy
data6/rgb/rgb000787.jpg,data6/depth/depth000787.npy,data6/rgb/rgb001016.jpg,data6/depth/depth001016.npy
data6/rgb/rgb000796.jpg,data6/depth/depth000796.npy,data6/rgb/rgb000888.jpg,data6/depth/depth000888.npy
data6/rgb/rgb000817.jpg,data6/depth/depth000817.npy,data6/rgb/rgb001014.jpg,data6/depth/depth001014.npy
data6/rgb/rgb000819.jpg,data6/depth/depth000819.npy,data6/rgb/rgb001012.jpg,data6/depth/depth001012.npy
data6/rgb/rgb000825.jpg,data6/depth/depth000825.npy,data6/rgb/rgb001047.jpg,data6/depth/depth001047.npy
data6/rgb/rgb000799.jpg,data6/depth/depth000799.npy,data6/rgb/rgb000903.jpg,data6/depth/depth000903.npy
data6/rgb/rgb000823.jpg,data6/depth/depth000823.npy,data6/rgb/rgb001048.jpg,data6/depth/depth001048.npy
data6/rgb/rgb000826.jpg,data6/depth/depth000826.npy,data6/rgb/rgb001045.jpg,data6/depth/depth001045.npy
data6/rgb/rgb000775.jpg,data6/depth/depth000775.npy,data6/rgb/rgb000888.jpg,data6/depth/depth000888.npy
data6/rgb/rgb000797.jpg,data6/depth/depth000797.npy,data6/rgb/rgb000904.jpg,data6/depth/depth000904.npy
data6/rgb/rgb000800.jpg,data6/depth/depth000800.npy,data6/rgb/rgb000902.jpg,data6/depth/depth000902.npy
data6/rgb/rgb000818.jpg,data6/depth/depth000818.npy,data6/rgb/rgb001013.jpg,data6/depth/depth001013.npy
data6/rgb/rgb000798.jpg,data6/depth/depth000798.npy,data6/rgb/rgb000903.jpg,data6/depth/depth000903.npy
data6/rgb/rgb000786.jpg,data6/depth/depth000786.npy,data6/rgb/rgb001017.jpg,data6/depth/depth001017.npy
data6/rgb/rgb000793.jpg,data6/depth/depth000793.npy,data6/rgb/rgb000891.jpg,data6/depth/depth000891.npy
data6/rgb/rgb000815.jpg,data6/depth/depth000815.npy,data6/rgb/rgb001016.jpg,data6/depth/depth001016.npy
data6/rgb/rgb000801.jpg,data6/depth/depth000801.npy,data6/rgb/rgb000902.jpg,data6/depth/depth000902.npy
data6/rgb/rgb000795.jpg,data6/depth/depth000795.npy,data6/rgb/rgb000890.jpg,data6/depth/depth000890.npy
data6/rgb/rgb000776.jpg,data6/depth/depth000776.npy,data6/rgb/rgb000888.jpg,data6/depth/depth000888.npy
data6/rgb/rgb000788.jpg,data6/depth/depth000788.npy,data6/rgb/rgb001015.jpg,data6/depth/depth001015.npy
data6/rgb/rgb000802.jpg,data6/depth/depth000802.npy,data6/rgb/rgb000901.jpg,data6/depth/depth000901.npy
data6/rgb/rgb000789.jpg,data6/depth/depth000789.npy,data6/rgb/rgb001014.jpg,data6/depth/depth001014.npy
data6/rgb/rgb000778.jpg,data6/depth/depth000778.npy,data6/rgb/rgb000916.jpg,data6/depth/depth000916.npy
data6/rgb/rgb000803.jpg,data6/depth/depth000803.npy,data6/rgb/rgb000899.jpg,data6/depth/depth000899.npy
data6/rgb/rgb000792.jpg,data6/depth/depth000792.npy,data6/rgb/rgb001019.jpg,data6/depth/depth001019.npy
data6/rgb/rgb000777.jpg,data6/depth/depth000777.npy,data6/rgb/rgb000917.jpg,data6/depth/depth000917.npy
data6/rgb/rgb000791.jpg,data6/depth/depth000791.npy,data6/rgb/rgb000893.jpg,data6/depth/depth000893.npy
data6/rgb/rgb000816.jpg,data6/depth/depth000816.npy,data6/rgb/rgb001016.jpg,data6/depth/depth001016.npy
data6/rgb/rgb000779.jpg,data6/depth/depth000779.npy,data6/rgb/rgb000916.jpg,data6/depth/depth000916.npy
data6/rgb/rgb000806.jpg,data6/depth/depth000806.npy,data6/rgb/rgb000895.jpg,data6/depth/depth000895.npy
data6/rgb/rgb000814.jpg,data6/depth/depth000814.npy,data6/rgb/rgb001017.jpg,data6/depth/depth001017.npy
data6/rgb/rgb000780.jpg,data6/depth/depth000780.npy,data6/rgb/rgb000921.jpg,data6/depth/depth000921.npy
data6/rgb/rgb000790.jpg,data6/depth/depth000790.npy,data6/rgb/rgb000894.jpg,data6/depth/depth000894.npy
data6/rgb/rgb000812.jpg,data6/depth/depth000812.npy,data6/rgb/rgb001019.jpg,data6/depth/depth001019.npy
data6/rgb/rgb000813.jpg,data6/depth/depth000813.npy,data6/rgb/rgb001019.jpg,data6/depth/depth001019.npy
data6/rgb/rgb000805.jpg,data6/depth/depth000805.npy,data6/rgb/rgb000895.jpg,data6/depth/depth000895.npy
data6/rgb/rgb000804.jpg,data6/depth/depth000804.npy,data6/rgb/rgb000899.jpg,data6/depth/depth000899.npy
data6/rgb/rgb000781.jpg,data6/depth/depth000781.npy,data6/rgb/rgb000915.jpg,data6/depth/depth000915.npy
data6/rgb/rgb000782.jpg,data6/depth/depth000782.npy,data6/rgb/rgb000920.jpg,data6/depth/depth000920.npy
data6/rgb/rgb000785.jpg,data6/depth/depth000785.npy,data6/rgb/rgb000912.jpg,data6/depth/depth000912.npy
data6/rgb/rgb000807.jpg,data6/depth/depth000807.npy,data6/rgb/rgb000895.jpg,data6/depth/depth000895.npy
data6/rgb/rgb000783.jpg,data6/depth/depth000783.npy,data6/rgb/rgb000913.jpg,data6/depth/depth000913.npy
data6/rgb/rgb000784.jpg,data6/depth/depth000784.npy,data6/rgb/rgb000913.jpg,data6/depth/depth000913.npy
data6/rgb/rgb000809.jpg,data6/depth/depth000809.npy,data6/rgb/rgb000972.jpg,data6/depth/depth000972.npy
data6/rgb/rgb000811.jpg,data6/depth/depth000811.npy,data6/rgb/rgb000970.jpg,data6/depth/depth000970.npy
data6/rgb/rgb000810.jpg,data6/depth/depth000810.npy,data6/rgb/rgb000972.jpg,data6/depth/depth000972.npy
data6/rgb/rgb000808.jpg,data6/depth/depth000808.npy,data6/rgb/rgb000896.jpg,data6/depth/depth000896.npy
