FrontImage,RearImage,Correspondences
/scratch/udit/robotcar/overcast/2014-06-26-09-24-58/stereo/centre_top_H/1403774740978071.png,1403774743587459,11
/scratch/udit/robotcar/overcast/2014-06-26-09-24-58/stereo/centre_top_H/1403774741165544.png,1403774742405744,12
/scratch/udit/robotcar/overcast/2014-06-26-09-24-58/stereo/centre_top_H/1403774741353016.png,1403774743405609,13
/scratch/udit/robotcar/overcast/2014-06-26-09-24-58/stereo/centre_top_H/1403774741540487.png,1403774744223747,11
/scratch/udit/robotcar/overcast/2014-06-26-09-24-58/stereo/centre_top_H/1403774741727961.png,1403774744405470,11
/scratch/udit/robotcar/overcast/2014-06-26-09-24-58/stereo/centre_top_H/1403774741915431.png,1403774749586639,12
/scratch/udit/robotcar/overcast/2014-06-26-09-24-58/stereo/centre_top_H/1403774742102905.png,1403774743042033,11
/scratch/udit/robotcar/overcast/2014-06-26-09-24-58/stereo/centre_top_H/1403774742290374.png,1403774747950488,11
/scratch/udit/robotcar/overcast/2014-06-26-09-24-58/stereo/centre_top_H/1403774742477847.png,1403774749677502,12
/scratch/udit/robotcar/overcast/2014-06-26-09-24-58/stereo/centre_top_H/1403774742665319.png,1403774745768911,13
/scratch/udit/robotcar/overcast/2014-06-26-09-24-58/stereo/centre_top_H/1403774742852787.png,1403774743405609,12
/scratch/udit/robotcar/overcast/2014-06-26-09-24-58/stereo/centre_top_H/1403774743040256.png,1403774745496198,13
/scratch/udit/robotcar/overcast/2014-06-26-09-24-58/stereo/centre_top_H/1403774743227728.png,1403774744587321,12
/scratch/udit/robotcar/overcast/2014-06-26-09-24-58/stereo/centre_top_H/1403774743415198.png,1403774744041894,11
/scratch/udit/robotcar/overcast/2014-06-26-09-24-58/stereo/centre_top_H/1403774743602668.png,1403774747768638,10
/scratch/udit/robotcar/overcast/2014-06-26-09-24-58/stereo/centre_top_H/1403774743790137.png,1403774751858954,10
/scratch/udit/robotcar/overcast/2014-06-26-09-24-58/stereo/centre_top_H/1403774744040108.png,1403774749950215,11
/scratch/udit/robotcar/overcast/2014-06-26-09-24-58/stereo/centre_top_H/1403774744290079.png,1403774752313517,11
/scratch/udit/robotcar/overcast/2014-06-26-09-24-58/stereo/centre_top_H/1403774744477549.png,1403774746405199,10
/scratch/udit/robotcar/overcast/2014-06-26-09-24-58/stereo/centre_top_H/1403774744727520.png,1403774748495788,12
/scratch/udit/robotcar/overcast/2014-06-26-09-24-58/stereo/centre_top_H/1403774744977507.png,1403774746314336,11
/scratch/udit/robotcar/overcast/2014-06-26-09-24-58/stereo/centre_top_H/1403774745164996.png,1403774748859364,10
/scratch/udit/robotcar/overcast/2014-06-26-09-24-58/stereo/centre_top_H/1403774745414983.png,1403774747859501,10
/scratch/udit/robotcar/overcast/2014-06-26-09-24-58/stereo/centre_top_H/1403774745664954.png,1403774746677911,10
/scratch/udit/robotcar/overcast/2014-06-26-09-24-58/stereo/centre_top_H/1403774745852425.png,1403774747677775,10
/scratch/udit/robotcar/overcast/2014-06-26-09-24-58/stereo/centre_top_H/1403774746102395.png,1403774747859501,10
/scratch/udit/robotcar/overcast/2014-06-26-09-24-58/stereo/centre_top_H/1403774746289864.png,1403774747859501,11
/scratch/udit/robotcar/overcast/2014-06-26-09-24-58/stereo/centre_top_H/1403774746477333.png,1403774747677775,10
/scratch/udit/robotcar/overcast/2014-06-26-09-24-58/stereo/centre_top_H/1403774746664805.png,1403774753858680,14
/scratch/udit/robotcar/overcast/2014-06-26-09-24-58/stereo/centre_top_H/1403774746852276.png,1403774751586367,11
/scratch/udit/robotcar/overcast/2014-06-26-09-24-58/stereo/centre_top_H/1403774747039747.png,1403774752040803,11
/scratch/udit/robotcar/overcast/2014-06-26-09-24-58/stereo/centre_top_H/1403774747227216.png,1403774751313654,10
/scratch/udit/robotcar/overcast/2014-06-26-09-24-58/stereo/centre_top_H/1403774747414686.png,1403774747859501,10
/scratch/udit/robotcar/overcast/2014-06-26-09-24-58/stereo/centre_top_H/1403774747602156.png,1403774749586639,11
/scratch/udit/robotcar/overcast/2014-06-26-09-24-58/stereo/centre_top_H/1403774747789630.png,1403774749586639,13
/scratch/udit/robotcar/overcast/2014-06-26-09-24-58/stereo/centre_top_H/1403774747977096.png,1403774751404516,10
/scratch/udit/robotcar/overcast/2014-06-26-09-24-58/stereo/centre_top_H/1403774748227067.png,1403774752586230,11
/scratch/udit/robotcar/overcast/2014-06-26-09-24-58/stereo/centre_top_H/1403774748477035.png,1403774756312969,12
/scratch/udit/robotcar/overcast/2014-06-26-09-24-58/stereo/centre_top_H/1403774748664509.png,1403774756403831,12
/scratch/udit/robotcar/overcast/2014-06-26-09-24-58/stereo/centre_top_H/1403774748914477.png,1403774750495515,9
/scratch/udit/robotcar/overcast/2014-06-26-09-24-58/stereo/centre_top_H/1403774749164449.png,1403774750313790,11
/scratch/udit/robotcar/overcast/2014-06-26-09-24-58/stereo/centre_top_H/1403774749351919.png,1403774751495378,10
/scratch/udit/robotcar/overcast/2014-06-26-09-24-58/stereo/centre_top_H/1403774749601891.png,1403774755494830,11
/scratch/udit/robotcar/overcast/2014-06-26-09-24-58/stereo/centre_top_H/1403774749851858.png,1403774756222107,11
/scratch/udit/robotcar/overcast/2014-06-26-09-24-58/stereo/centre_top_H/1403774750039330.png,1403774751677229,11
/scratch/udit/robotcar/overcast/2014-06-26-09-24-58/stereo/centre_top_H/1403774750289299.png,1403774751586367,12
/scratch/udit/robotcar/overcast/2014-06-26-09-24-58/stereo/centre_top_H/1403774750539271.png,1403774756312969,11
/scratch/udit/robotcar/overcast/2014-06-26-09-24-58/stereo/centre_top_H/1403774750789240.png,1403774752131667,12
/scratch/udit/robotcar/overcast/2014-06-26-09-24-58/stereo/centre_top_H/1403774750976711.png,1403774753767818,10
/scratch/udit/robotcar/overcast/2014-06-26-09-24-58/stereo/centre_top_H/1403774751226684.png,1403774756040256,10
/scratch/udit/robotcar/overcast/2014-06-26-09-24-58/stereo/centre_top_H/1403774751476654.png,1403774753495105,11
/scratch/udit/robotcar/overcast/2014-06-26-09-24-58/stereo/centre_top_H/1403774751664144.png,1403774757676408,11
/scratch/udit/robotcar/overcast/2014-06-26-09-24-58/stereo/centre_top_H/1403774751914114.png,1403774755494830,15
/scratch/udit/robotcar/overcast/2014-06-26-09-24-58/stereo/centre_top_H/1403774752101582.png,1403774757403696,12
/scratch/udit/robotcar/overcast/2014-06-26-09-24-58/stereo/centre_top_H/1403774752351552.png,1403774759312559,11
/scratch/udit/robotcar/overcast/2014-06-26-09-24-58/stereo/centre_top_H/1403774752539023.png,1403774755131257,11
/scratch/udit/robotcar/overcast/2014-06-26-09-24-58/stereo/centre_top_H/1403774752788993.png,1403774755494830,11
/scratch/udit/robotcar/overcast/2014-06-26-09-24-58/stereo/centre_top_H/1403774752976464.png,1403774754131394,11
/scratch/udit/robotcar/overcast/2014-06-26-09-24-58/stereo/centre_top_H/1403774753163933.png,1403774761039574,15
/scratch/udit/robotcar/overcast/2014-06-26-09-24-58/stereo/centre_top_H/1403774753351403.png,1403774756494696,11
/scratch/udit/robotcar/overcast/2014-06-26-09-24-58/stereo/centre_top_H/1403774753601376.png,1403774754131394,12
/scratch/udit/robotcar/overcast/2014-06-26-09-24-58/stereo/centre_top_H/1403774753788846.png,1403774755676679,13
/scratch/udit/robotcar/overcast/2014-06-26-09-24-58/stereo/centre_top_H/1403774754038815.png,1403774756312969,12
/scratch/udit/robotcar/overcast/2014-06-26-09-24-58/stereo/centre_top_H/1403774754288785.png,1403774761312287,13
/scratch/udit/robotcar/overcast/2014-06-26-09-24-58/stereo/centre_top_H/1403774754476256.png,1403774761857586,12
/scratch/udit/robotcar/overcast/2014-06-26-09-24-58/stereo/centre_top_H/1403774754726225.png,1403774755313107,13
/scratch/udit/robotcar/overcast/2014-06-26-09-24-58/stereo/centre_top_H/1403774754976198.png,1403774755585816,11
/scratch/udit/robotcar/overcast/2014-06-26-09-24-58/stereo/centre_top_H/1403774755226165.png,1403774759766998,11
/scratch/udit/robotcar/overcast/2014-06-26-09-24-58/stereo/centre_top_H/1403774755413637.png,1403774761948575,12
/scratch/udit/robotcar/overcast/2014-06-26-09-24-58/stereo/centre_top_H/1403774755663607.png,1403774761403149,13
/scratch/udit/robotcar/overcast/2014-06-26-09-24-58/stereo/centre_top_H/1403774755913594.png,1403774758039983,11
/scratch/udit/robotcar/overcast/2014-06-26-09-24-58/stereo/centre_top_H/1403774756101081.png,1403774757130984,11
/scratch/udit/robotcar/overcast/2014-06-26-09-24-58/stereo/centre_top_H/1403774756351069.png,1403774759948850,12
/scratch/udit/robotcar/overcast/2014-06-26-09-24-58/stereo/centre_top_H/1403774756601057.png,1403774760494150,11
/scratch/udit/robotcar/overcast/2014-06-26-09-24-58/stereo/centre_top_H/1403774756788544.png,1403774757858133,11
/scratch/udit/robotcar/overcast/2014-06-26-09-24-58/stereo/centre_top_H/1403774757038533.png,1403774762766588,12
/scratch/udit/robotcar/overcast/2014-06-26-09-24-58/stereo/centre_top_H/1403774757225999.png,1403774765129890,11
/scratch/udit/robotcar/overcast/2014-06-26-09-24-58/stereo/centre_top_H/1403774757413488.png,1403774760312424,11
/scratch/udit/robotcar/overcast/2014-06-26-09-24-58/stereo/centre_top_H/1403774757600976.png,1403774763402876,10
/scratch/udit/robotcar/overcast/2014-06-26-09-24-58/stereo/centre_top_H/1403774757788463.png,1403774763312015,11
/scratch/udit/robotcar/overcast/2014-06-26-09-24-58/stereo/centre_top_H/1403774757975948.png,1403774766402469,11
/scratch/udit/robotcar/overcast/2014-06-26-09-24-58/stereo/centre_top_H/1403774758163426.png,1403774759585272,12
/scratch/udit/robotcar/overcast/2014-06-26-09-24-58/stereo/centre_top_H/1403774758350899.png,1403774761675861,13
/scratch/udit/robotcar/overcast/2014-06-26-09-24-58/stereo/centre_top_H/1403774758538371.png,1403774761221424,14
/scratch/udit/robotcar/overcast/2014-06-26-09-24-58/stereo/centre_top_H/1403774758725838.png,1403774760039711,11
/scratch/udit/robotcar/overcast/2014-06-26-09-24-58/stereo/centre_top_H/1403774758913310.png,1403774764039166,13
/scratch/udit/robotcar/overcast/2014-06-26-09-24-58/stereo/centre_top_H/1403774759100790.png,1403774767765906,14
/scratch/udit/robotcar/overcast/2014-06-26-09-24-58/stereo/centre_top_H/1403774759288265.png,1403774768765769,11
/scratch/udit/robotcar/overcast/2014-06-26-09-24-58/stereo/centre_top_H/1403774759475742.png,1403774770401921,12
/scratch/udit/robotcar/overcast/2014-06-26-09-24-58/stereo/centre_top_H/1403774759663211.png,1403774767584179,14
/scratch/udit/robotcar/overcast/2014-06-26-09-24-58/stereo/centre_top_H/1403774759850683.png,1403774764221013,11
/scratch/udit/robotcar/overcast/2014-06-26-09-24-58/stereo/centre_top_H/1403774760038154.png,1403774768856634,11
/scratch/udit/robotcar/overcast/2014-06-26-09-24-58/stereo/centre_top_H/1403774760225624.png,1403774768129481,11
/scratch/udit/robotcar/overcast/2014-06-26-09-24-58/stereo/centre_top_H/1403774760413096.png,1403774766675179,14
/scratch/udit/robotcar/overcast/2014-06-26-09-24-58/stereo/centre_top_H/1403774760600565.png,1403774761039574,16
/scratch/udit/robotcar/overcast/2014-06-26-09-24-58/stereo/centre_top_H/1403774760788043.png,1403774774674087,15
/scratch/udit/robotcar/overcast/2014-06-26-09-24-58/stereo/centre_top_H/1403774760975531.png,1403774762221285,11
/scratch/udit/robotcar/overcast/2014-06-26-09-24-58/stereo/centre_top_H/1403774761163020.png,1403774775764814,13
/scratch/udit/robotcar/overcast/2014-06-26-09-24-58/stereo/centre_top_H/1403774761350506.png,1403774770401921,12
/scratch/udit/robotcar/overcast/2014-06-26-09-24-58/stereo/centre_top_H/1403774761538002.png,1403774767584179,13
/scratch/udit/robotcar/overcast/2014-06-26-09-24-58/stereo/centre_top_H/1403774761725467.png,1403774771220060,13
/scratch/udit/robotcar/overcast/2014-06-26-09-24-58/stereo/centre_top_H/1403774761912935.png,1403774766311606,11
/scratch/udit/robotcar/overcast/2014-06-26-09-24-58/stereo/centre_top_H/1403774762100404.png,1403774775401241,13
/scratch/udit/robotcar/overcast/2014-06-26-09-24-58/stereo/centre_top_H/1403774762287879.png,1403774769856496,11
/scratch/udit/robotcar/overcast/2014-06-26-09-24-58/stereo/centre_top_H/1403774762475349.png,1403774770401921,11
/scratch/udit/robotcar/overcast/2014-06-26-09-24-58/stereo/centre_top_H/1403774762662819.png,1403774769038481,13
/scratch/udit/robotcar/overcast/2014-06-26-09-24-58/stereo/centre_top_H/1403774762850289.png,1403774774674087,12
/scratch/udit/robotcar/overcast/2014-06-26-09-24-58/stereo/centre_top_H/1403774763037759.png,1403774775492100,15
/scratch/udit/robotcar/overcast/2014-06-26-09-24-58/stereo/centre_top_H/1403774763225229.png,1403774771401786,12
/scratch/udit/robotcar/overcast/2014-06-26-09-24-58/stereo/centre_top_H/1403774763412699.png,1403774768311331,12
/scratch/udit/robotcar/overcast/2014-06-26-09-24-58/stereo/centre_top_H/1403774763600170.png,1403774771492649,12
/scratch/udit/robotcar/overcast/2014-06-26-09-24-58/stereo/centre_top_H/1403774763787639.png,1403774768129481,11
/scratch/udit/robotcar/overcast/2014-06-26-09-24-58/stereo/centre_top_H/1403774763975109.png,1403774764584592,11
/scratch/udit/robotcar/overcast/2014-06-26-09-24-58/stereo/centre_top_H/1403774764162579.png,1403774774674087,12
/scratch/udit/robotcar/overcast/2014-06-26-09-24-58/stereo/centre_top_H/1403774764350054.png,1403774768038619,12
/scratch/udit/robotcar/overcast/2014-06-26-09-24-58/stereo/centre_top_H/1403774764537524.png,1403774767129617,11
/scratch/udit/robotcar/overcast/2014-06-26-09-24-58/stereo/centre_top_H/1403774764724990.png,1403774769220334,13
/scratch/udit/robotcar/overcast/2014-06-26-09-24-58/stereo/centre_top_H/1403774764912461.png,1403774770583771,13
/scratch/udit/robotcar/overcast/2014-06-26-09-24-58/stereo/centre_top_H/1403774765099931.png,1403774768311331,13
/scratch/udit/robotcar/overcast/2014-06-26-09-24-58/stereo/centre_top_H/1403774765287403.png,1403774768674908,11
/scratch/udit/robotcar/overcast/2014-06-26-09-24-58/stereo/centre_top_H/1403774765474872.png,1403774770311059,12
/scratch/udit/robotcar/overcast/2014-06-26-09-24-58/stereo/centre_top_H/1403774765662341.png,1403774770947346,12
/scratch/udit/robotcar/overcast/2014-06-26-09-24-58/stereo/centre_top_H/1403774765849814.png,1403774771310922,12
/scratch/udit/robotcar/overcast/2014-06-26-09-24-58/stereo/centre_top_H/1403774766037281.png,1403774767947756,11
/scratch/udit/robotcar/overcast/2014-06-26-09-24-58/stereo/centre_top_H/1403774766224752.png,1403774769765633,11
/scratch/udit/robotcar/overcast/2014-06-26-09-24-58/stereo/centre_top_H/1403774766412225.png,1403774768493059,12
/scratch/udit/robotcar/overcast/2014-06-26-09-24-58/stereo/centre_top_H/1403774766599696.png,1403774776582955,11
/scratch/udit/robotcar/overcast/2014-06-26-09-24-58/stereo/centre_top_H/1403774766849669.png,1403774769947483,14
/scratch/udit/robotcar/overcast/2014-06-26-09-24-58/stereo/centre_top_H/1403774767037142.png,1403774769947483,12
/scratch/udit/robotcar/overcast/2014-06-26-09-24-58/stereo/centre_top_H/1403774767287121.png,1403774770129208,16
/scratch/udit/robotcar/overcast/2014-06-26-09-24-58/stereo/centre_top_H/1403774767537081.png,1403774768129481,11
/scratch/udit/robotcar/overcast/2014-06-26-09-24-58/stereo/centre_top_H/1403774767724551.png,1403774770129208,11
/scratch/udit/robotcar/overcast/2014-06-26-09-24-58/stereo/centre_top_H/1403774767974530.png,1403774770492784,12
/scratch/udit/robotcar/overcast/2014-06-26-09-24-58/stereo/centre_top_H/1403774768162019.png,1403774775673952,12
/scratch/udit/robotcar/overcast/2014-06-26-09-24-58/stereo/centre_top_H/1403774768412006.png,1403774777946392,13
/scratch/udit/robotcar/overcast/2014-06-26-09-24-58/stereo/centre_top_H/1403774768599494.png,1403774770674632,13
/scratch/udit/robotcar/overcast/2014-06-26-09-24-58/stereo/centre_top_H/1403774768849484.png,1403774770401921,11
/scratch/udit/robotcar/overcast/2014-06-26-09-24-58/stereo/centre_top_H/1403774769099471.png,1403774770220195,12
/scratch/udit/robotcar/overcast/2014-06-26-09-24-58/stereo/centre_top_H/1403774769286959.png,1403774774946801,14
/scratch/udit/robotcar/overcast/2014-06-26-09-24-58/stereo/centre_top_H/1403774769474442.png,1403774774674087,13
/scratch/udit/robotcar/overcast/2014-06-26-09-24-58/stereo/centre_top_H/1403774769661924.png,1403774774310515,8
/scratch/udit/robotcar/overcast/2014-06-26-09-24-58/stereo/centre_top_H/1403774769849412.png,1403774774310515,8
/scratch/udit/robotcar/overcast/2014-06-26-09-24-58/stereo/centre_top_H/1403774770036896.png,1403774770583771,10
/scratch/udit/robotcar/overcast/2014-06-26-09-24-58/stereo/centre_top_H/1403774770224370.png,1403774770856358,10
/scratch/udit/robotcar/overcast/2014-06-26-09-24-58/stereo/centre_top_H/1403774770411846.png,1403774775492100,14
/scratch/udit/robotcar/overcast/2014-06-26-09-24-58/stereo/centre_top_H/1403774770599321.png,1403774775946665,12
/scratch/udit/robotcar/overcast/2014-06-26-09-24-58/stereo/centre_top_H/1403774770786798.png,1403774773492374,12
/scratch/udit/robotcar/overcast/2014-06-26-09-24-58/stereo/centre_top_H/1403774770974274.png,1403774771856225,10
/scratch/udit/robotcar/overcast/2014-06-26-09-24-58/stereo/centre_top_H/1403774771161745.png,1403774775401241,11
/scratch/udit/robotcar/overcast/2014-06-26-09-24-58/stereo/centre_top_H/1403774771349216.png,1403774775946665,12
/scratch/udit/robotcar/overcast/2014-06-26-09-24-58/stereo/centre_top_H/1403774771536684.png,1403774774855812,13
/scratch/udit/robotcar/overcast/2014-06-26-09-24-58/stereo/centre_top_H/1403774771724156.png,1403774775492100,12
/scratch/udit/robotcar/overcast/2014-06-26-09-24-58/stereo/centre_top_H/1403774771911642.png,1403774774855812,12
/scratch/udit/robotcar/overcast/2014-06-26-09-24-58/stereo/centre_top_H/1403774772099128.png,1403774779764269,12
/scratch/udit/robotcar/overcast/2014-06-26-09-24-58/stereo/centre_top_H/1403774772286602.png,1403774775946665,12
/scratch/udit/robotcar/overcast/2014-06-26-09-24-58/stereo/centre_top_H/1403774772474080.png,1403774777037392,11
/scratch/udit/robotcar/overcast/2014-06-26-09-24-58/stereo/centre_top_H/1403774772661553.png,1403774774946801,13
/scratch/udit/robotcar/overcast/2014-06-26-09-24-58/stereo/centre_top_H/1403774772849032.png,1403774775492100,11
/scratch/udit/robotcar/overcast/2014-06-26-09-24-58/stereo/centre_top_H/1403774773036506.png,1403774779491556,10
/scratch/udit/robotcar/overcast/2014-06-26-09-24-58/stereo/centre_top_H/1403774773223983.png,1403774781127710,12
/scratch/udit/robotcar/overcast/2014-06-26-09-24-58/stereo/centre_top_H/1403774773411459.png,1403774776037529,11
/scratch/udit/robotcar/overcast/2014-06-26-09-24-58/stereo/centre_top_H/1403774773598935.png,1403774775401241,12
/scratch/udit/robotcar/overcast/2014-06-26-09-24-58/stereo/centre_top_H/1403774773786410.png,1403774774764950,11
/scratch/udit/robotcar/overcast/2014-06-26-09-24-58/stereo/centre_top_H/1403774773973881.png,1403774775673952,13
/scratch/udit/robotcar/overcast/2014-06-26-09-24-58/stereo/centre_top_H/1403774774161362.png,1403774778219103,11
/scratch/udit/robotcar/overcast/2014-06-26-09-24-58/stereo/centre_top_H/1403774774348839.png,1403774774855812,10
/scratch/udit/robotcar/overcast/2014-06-26-09-24-58/stereo/centre_top_H/1403774774536312.png,1403774779127981,11
/scratch/udit/robotcar/overcast/2014-06-26-09-24-58/stereo/centre_top_H/1403774774723789.png,1403774780673270,12
/scratch/udit/robotcar/overcast/2014-06-26-09-24-58/stereo/centre_top_H/1403774774911263.png,1403774775401241,11
/scratch/udit/robotcar/overcast/2014-06-26-09-24-58/stereo/centre_top_H/1403774775098738.png,1403774779400693,12
/scratch/udit/robotcar/overcast/2014-06-26-09-24-58/stereo/centre_top_H/1403774775286218.png,1403774782763860,11
/scratch/udit/robotcar/overcast/2014-06-26-09-24-58/stereo/centre_top_H/1403774775473692.png,1403774778491691,10
/scratch/udit/robotcar/overcast/2014-06-26-09-24-58/stereo/centre_top_H/1403774775661161.png,1403774781945848,11
/scratch/udit/robotcar/overcast/2014-06-26-09-24-58/stereo/centre_top_H/1403774775848634.png,1403774780673270,11
/scratch/udit/robotcar/overcast/2014-06-26-09-24-58/stereo/centre_top_H/1403774776036104.png,1403774779491556,11
/scratch/udit/robotcar/overcast/2014-06-26-09-24-58/stereo/centre_top_H/1403774776223577.png,1403774781673135,10
/scratch/udit/robotcar/overcast/2014-06-26-09-24-58/stereo/centre_top_H/1403774776411047.png,1403774779309831,10
/scratch/udit/robotcar/overcast/2014-06-26-09-24-58/stereo/centre_top_H/1403774776598517.png,1403774782491147,11
/scratch/udit/robotcar/overcast/2014-06-26-09-24-58/stereo/centre_top_H/1403774776785988.png,1403774777400965,11
/scratch/udit/robotcar/overcast/2014-06-26-09-24-58/stereo/centre_top_H/1403774776973462.png,1403774779127981,12
/scratch/udit/robotcar/overcast/2014-06-26-09-24-58/stereo/centre_top_H/1403774777160931.png,1403774782763860,10
/scratch/udit/robotcar/overcast/2014-06-26-09-24-58/stereo/centre_top_H/1403774777348406.png,1403774782763860,11
/scratch/udit/robotcar/overcast/2014-06-26-09-24-58/stereo/centre_top_H/1403774777535883.png,1403774779218969,10
/scratch/udit/robotcar/overcast/2014-06-26-09-24-58/stereo/centre_top_H/1403774777723371.png,1403774778400829,10
/scratch/udit/robotcar/overcast/2014-06-26-09-24-58/stereo/centre_top_H/1403774777910860.png,1403774782582135,10
/scratch/udit/robotcar/overcast/2014-06-26-09-24-58/stereo/centre_top_H/1403774778098338.png,1403774779218969,11
/scratch/udit/robotcar/overcast/2014-06-26-09-24-58/stereo/centre_top_H/1403774778285809.png,1403774779673407,11
/scratch/udit/robotcar/overcast/2014-06-26-09-24-58/stereo/centre_top_H/1403774778473279.png,1403774783854587,13
/scratch/udit/robotcar/overcast/2014-06-26-09-24-58/stereo/centre_top_H/1403774778660747.png,1403774779491556,11
/scratch/udit/robotcar/overcast/2014-06-26-09-24-58/stereo/centre_top_H/1403774778848219.png,1403774786854176,11
/scratch/udit/robotcar/overcast/2014-06-26-09-24-58/stereo/centre_top_H/1403774779035692.png,1403774780309694,11
/scratch/udit/robotcar/overcast/2014-06-26-09-24-58/stereo/centre_top_H/1403774779223162.png,1403774784218287,11
/scratch/udit/robotcar/overcast/2014-06-26-09-24-58/stereo/centre_top_H/1403774779410632.png,1403774784581861,12
/scratch/udit/robotcar/overcast/2014-06-26-09-24-58/stereo/centre_top_H/1403774779598103.png,1403774787763177,12
/scratch/udit/robotcar/overcast/2014-06-26-09-24-58/stereo/centre_top_H/1403774779785573.png,1403774782763860,11
/scratch/udit/robotcar/overcast/2014-06-26-09-24-58/stereo/centre_top_H/1403774779973042.png,1403774782400284,11
/scratch/udit/robotcar/overcast/2014-06-26-09-24-58/stereo/centre_top_H/1403774780160512.png,1403774787036029,10
/scratch/udit/robotcar/overcast/2014-06-26-09-24-58/stereo/centre_top_H/1403774780347983.png,1403774788944891,14
/scratch/udit/robotcar/overcast/2014-06-26-09-24-58/stereo/centre_top_H/1403774780535454.png,1403774785672590,12
/scratch/udit/robotcar/overcast/2014-06-26-09-24-58/stereo/centre_top_H/1403774780722924.png,1403774781854860,10
/scratch/udit/robotcar/overcast/2014-06-26-09-24-58/stereo/centre_top_H/1403774780910394.png,1403774783854587,11
/scratch/udit/robotcar/overcast/2014-06-26-09-24-58/stereo/centre_top_H/1403774781097867.png,1403774788581318,11
/scratch/udit/robotcar/overcast/2014-06-26-09-24-58/stereo/centre_top_H/1403774781285336.png,1403774783854587,11
/scratch/udit/robotcar/overcast/2014-06-26-09-24-58/stereo/centre_top_H/1403774781472806.png,1403774785945303,11
/scratch/udit/robotcar/overcast/2014-06-26-09-24-58/stereo/centre_top_H/1403774781660275.png,1403774789126618,12
/scratch/udit/robotcar/overcast/2014-06-26-09-24-58/stereo/centre_top_H/1403774781847748.png,1403774787308740,11
/scratch/udit/robotcar/overcast/2014-06-26-09-24-58/stereo/centre_top_H/1403774782035218.png,1403774790581044,13
/scratch/udit/robotcar/overcast/2014-06-26-09-24-58/stereo/centre_top_H/1403774782222703.png,1403774785036302,13
/scratch/udit/robotcar/overcast/2014-06-26-09-24-58/stereo/centre_top_H/1403774782410191.png,1403774789762905,11
/scratch/udit/robotcar/overcast/2014-06-26-09-24-58/stereo/centre_top_H/1403774782597679.png,1403774788853904,11
/scratch/udit/robotcar/overcast/2014-06-26-09-24-58/stereo/centre_top_H/1403774782847680.png,1403774790217471,12
/scratch/udit/robotcar/overcast/2014-06-26-09-24-58/stereo/centre_top_H/1403774783097659.png,1403774783763724,11
/scratch/udit/robotcar/overcast/2014-06-26-09-24-58/stereo/centre_top_H/1403774783285143.png,1403774790853631,14
/scratch/udit/robotcar/overcast/2014-06-26-09-24-58/stereo/centre_top_H/1403774783472620.png,1403774788763044,10
/scratch/udit/robotcar/overcast/2014-06-26-09-24-58/stereo/centre_top_H/1403774783660104.png,1403774789126618,12
/scratch/udit/robotcar/overcast/2014-06-26-09-24-58/stereo/centre_top_H/1403774783847591.png,1403774790762771,11
/scratch/udit/robotcar/overcast/2014-06-26-09-24-58/stereo/centre_top_H/1403774784035080.png,1403774785399874,10
/scratch/udit/robotcar/overcast/2014-06-26-09-24-58/stereo/centre_top_H/1403774784222562.png,1403774787399603,12
/scratch/udit/robotcar/overcast/2014-06-26-09-24-58/stereo/centre_top_H/1403774784410038.png,1403774784763587,12
/scratch/udit/robotcar/overcast/2014-06-26-09-24-58/stereo/centre_top_H/1403774784597513.png,1403774787399603,13
/scratch/udit/robotcar/overcast/2014-06-26-09-24-58/stereo/centre_top_H/1403774784784991.png,1403774790126481,13
/scratch/udit/robotcar/overcast/2014-06-26-09-24-58/stereo/centre_top_H/1403774784972461.png,1403774793307922,12
/scratch/udit/robotcar/overcast/2014-06-26-09-24-58/stereo/centre_top_H/1403774785159931.png,1403774789035756,12
/scratch/udit/robotcar/overcast/2014-06-26-09-24-58/stereo/centre_top_H/1403774785347419.png,1403774786399739,11
/scratch/udit/robotcar/overcast/2014-06-26-09-24-58/stereo/centre_top_H/1403774785534892.png,1403774787217877,11
/scratch/udit/robotcar/overcast/2014-06-26-09-24-58/stereo/centre_top_H/1403774785722374.png,1403774787217877,12
/scratch/udit/robotcar/overcast/2014-06-26-09-24-58/stereo/centre_top_H/1403774785909830.png,1403774789490193,13
/scratch/udit/robotcar/overcast/2014-06-26-09-24-58/stereo/centre_top_H/1403774786097301.png,1403774788763044,10
/scratch/udit/robotcar/overcast/2014-06-26-09-24-58/stereo/centre_top_H/1403774786284781.png,1403774789126618,13
/scratch/udit/robotcar/overcast/2014-06-26-09-24-58/stereo/centre_top_H/1403774786472269.png,1403774786854176,13
/scratch/udit/robotcar/overcast/2014-06-26-09-24-58/stereo/centre_top_H/1403774786659742.png,1403774793580635,12
/scratch/udit/robotcar/overcast/2014-06-26-09-24-58/stereo/centre_top_H/1403774786847214.png,1403774788853904,14
/scratch/udit/robotcar/overcast/2014-06-26-09-24-58/stereo/centre_top_H/1403774787034684.png,1403774788853904,13
/scratch/udit/robotcar/overcast/2014-06-26-09-24-58/stereo/centre_top_H/1403774787222154.png,1403774791217331,11
/scratch/udit/robotcar/overcast/2014-06-26-09-24-58/stereo/centre_top_H/1403774787409625.png,1403774788308604,11
/scratch/udit/robotcar/overcast/2014-06-26-09-24-58/stereo/centre_top_H/1403774787597096.png,1403774790126481,12
/scratch/udit/robotcar/overcast/2014-06-26-09-24-58/stereo/centre_top_H/1403774787784565.png,1403774789126618,15
/scratch/udit/robotcar/overcast/2014-06-26-09-24-58/stereo/centre_top_H/1403774787972038.png,1403774790490056,11
/scratch/udit/robotcar/overcast/2014-06-26-09-24-58/stereo/centre_top_H/1403774788159518.png,1403774790581044,10
/scratch/udit/robotcar/overcast/2014-06-26-09-24-58/stereo/centre_top_H/1403774788347003.png,1403774790671906,14
/scratch/udit/robotcar/overcast/2014-06-26-09-24-58/stereo/centre_top_H/1403774788534492.png,1403774795671224,13
/scratch/udit/robotcar/overcast/2014-06-26-09-24-58/stereo/centre_top_H/1403774788721981.png,1403774791035482,13
/scratch/udit/robotcar/overcast/2014-06-26-09-24-58/stereo/centre_top_H/1403774788909459.png,1403774795489373,12
/scratch/udit/robotcar/overcast/2014-06-26-09-24-58/stereo/centre_top_H/1403774789096935.png,1403774790581044,15
/scratch/udit/robotcar/overcast/2014-06-26-09-24-58/stereo/centre_top_H/1403774789284407.png,1403774793580635,12
/scratch/udit/robotcar/overcast/2014-06-26-09-24-58/stereo/centre_top_H/1403774789471876.png,1403774791671770,12
/scratch/udit/robotcar/overcast/2014-06-26-09-24-58/stereo/centre_top_H/1403774789659342.png,1403774790126481,12
/scratch/udit/robotcar/overcast/2014-06-26-09-24-58/stereo/centre_top_H/1403774789846816.png,1403774793580635,14
/scratch/udit/robotcar/overcast/2014-06-26-09-24-58/stereo/centre_top_H/1403774790034283.png,1403774790581044,12
/scratch/udit/robotcar/overcast/2014-06-26-09-24-58/stereo/centre_top_H/1403774790221763.png,1403774794307788,13
/scratch/udit/robotcar/overcast/2014-06-26-09-24-58/stereo/centre_top_H/1403774790409250.png,1403774790762771,12
/scratch/udit/robotcar/overcast/2014-06-26-09-24-58/stereo/centre_top_H/1403774790596737.png,1403774798034528,13
/scratch/udit/robotcar/overcast/2014-06-26-09-24-58/stereo/centre_top_H/1403774790784212.png,1403774792035345,11
/scratch/udit/robotcar/overcast/2014-06-26-09-24-58/stereo/centre_top_H/1403774790971679.png,1403774793307922,10
/scratch/udit/robotcar/overcast/2014-06-26-09-24-58/stereo/centre_top_H/1403774791159148.png,1403774794398650,11
/scratch/udit/robotcar/overcast/2014-06-26-09-24-58/stereo/centre_top_H/1403774791346620.png,1403774797216516,11
/scratch/udit/robotcar/overcast/2014-06-26-09-24-58/stereo/centre_top_H/1403774791534087.png,1403774795852952,13
/scratch/udit/robotcar/overcast/2014-06-26-09-24-58/stereo/centre_top_H/1403774791721556.png,1403774794035073,11
/scratch/udit/robotcar/overcast/2014-06-26-09-24-58/stereo/centre_top_H/1403774791909026.png,1403774795398513,11
/scratch/udit/robotcar/overcast/2014-06-26-09-24-58/stereo/centre_top_H/1403774792096498.png,1403774799488831,11
/scratch/udit/robotcar/overcast/2014-06-26-09-24-58/stereo/centre_top_H/1403774792283968.png,1403774793580635,10
/scratch/udit/robotcar/overcast/2014-06-26-09-24-58/stereo/centre_top_H/1403774792471437.png,1403774795762086,11
/scratch/udit/robotcar/overcast/2014-06-26-09-24-58/stereo/centre_top_H/1403774792658927.png,1403774799125254,14
/scratch/udit/robotcar/overcast/2014-06-26-09-24-58/stereo/centre_top_H/1403774792846412.png,1403774799670679,12
/scratch/udit/robotcar/overcast/2014-06-26-09-24-58/stereo/centre_top_H/1403774793033902.png,1403774795762086,11
/scratch/udit/robotcar/overcast/2014-06-26-09-24-58/stereo/centre_top_H/1403774793221389.png,1403774801215971,11
/scratch/udit/robotcar/overcast/2014-06-26-09-24-58/stereo/centre_top_H/1403774793408877.png,1403774797489104,11
/scratch/udit/robotcar/overcast/2014-06-26-09-24-58/stereo/centre_top_H/1403774793596354.png,1403774801488558,10
/scratch/udit/robotcar/overcast/2014-06-26-09-24-58/stereo/centre_top_H/1403774793783829.png,1403774795580364,10
/scratch/udit/robotcar/overcast/2014-06-26-09-24-58/stereo/centre_top_H/1403774793971306.png,1403774801034119,12
/scratch/udit/robotcar/overcast/2014-06-26-09-24-58/stereo/centre_top_H/1403774794158781.png,1403774795943938,10
/scratch/udit/robotcar/overcast/2014-06-26-09-24-58/stereo/centre_top_H/1403774794346257.png,1403774800852270,13
/scratch/udit/robotcar/overcast/2014-06-26-09-24-58/stereo/centre_top_H/1403774794533730.png,1403774799761544,11
/scratch/udit/robotcar/overcast/2014-06-26-09-24-58/stereo/centre_top_H/1403774794721208.png,1403774799216244,13
/scratch/udit/robotcar/overcast/2014-06-26-09-24-58/stereo/centre_top_H/1403774794908685.png,1403774803215698,11
/scratch/udit/robotcar/overcast/2014-06-26-09-24-58/stereo/centre_top_H/1403774795096158.png,1403774799852405,11
/scratch/udit/robotcar/overcast/2014-06-26-09-24-58/stereo/centre_top_H/1403774795283624.png,1403774795762086,11
/scratch/udit/robotcar/overcast/2014-06-26-09-24-58/stereo/centre_top_H/1403774795471106.png,1403774797398241,11
/scratch/udit/robotcar/overcast/2014-06-26-09-24-58/stereo/centre_top_H/1403774795658587.png,1403774809214879,13
/scratch/udit/robotcar/overcast/2014-06-26-09-24-58/stereo/centre_top_H/1403774795846059.png,1403774804760862,12
/scratch/udit/robotcar/overcast/2014-06-26-09-24-58/stereo/centre_top_H/1403774796033527.png,1403774803579273,12
/scratch/udit/robotcar/overcast/2014-06-26-09-24-58/stereo/centre_top_H/1403774796221000.png,1403774797216516,11
/scratch/udit/robotcar/overcast/2014-06-26-09-24-58/stereo/centre_top_H/1403774796408469.png,1403774799397967,13
/scratch/udit/robotcar/overcast/2014-06-26-09-24-58/stereo/centre_top_H/1403774796595956.png,1403774811214606,14
/scratch/udit/robotcar/overcast/2014-06-26-09-24-58/stereo/centre_top_H/1403774796783442.png,1403774811396330,13
/scratch/udit/robotcar/overcast/2014-06-26-09-24-58/stereo/centre_top_H/1403774796970918.png,1403774810669182,13
/scratch/udit/robotcar/overcast/2014-06-26-09-24-58/stereo/centre_top_H/1403774797158387.png,1403774803579273,13
/scratch/udit/robotcar/overcast/2014-06-26-09-24-58/stereo/centre_top_H/1403774797345855.png,1403774809396606,14
/scratch/udit/robotcar/overcast/2014-06-26-09-24-58/stereo/centre_top_H/1403774797533329.png,1403774799034391,12
/scratch/udit/robotcar/overcast/2014-06-26-09-24-58/stereo/centre_top_H/1403774797720796.png,1403774801670409,12
/scratch/udit/robotcar/overcast/2014-06-26-09-24-58/stereo/centre_top_H/1403774797908267.png,1403774801306832,11
/scratch/udit/robotcar/overcast/2014-06-26-09-24-58/stereo/centre_top_H/1403774798095740.png,1403774813396061,14
/scratch/udit/robotcar/overcast/2014-06-26-09-24-58/stereo/centre_top_H/1403774798283209.png,1403774813214335,14
/scratch/udit/robotcar/overcast/2014-06-26-09-24-58/stereo/centre_top_H/1403774798470682.png,1403774799034391,12
/scratch/udit/robotcar/overcast/2014-06-26-09-24-58/stereo/centre_top_H/1403774798658149.png,1403774799125254,14
/scratch/udit/robotcar/overcast/2014-06-26-09-24-58/stereo/centre_top_H/1403774798845620.png,1403774811850769,15
/scratch/udit/robotcar/overcast/2014-06-26-09-24-58/stereo/centre_top_H/1403774799033095.png,1403774810850906,12
/scratch/udit/robotcar/overcast/2014-06-26-09-24-58/stereo/centre_top_H/1403774799220562.png,1403774801579547,12
/scratch/udit/robotcar/overcast/2014-06-26-09-24-58/stereo/centre_top_H/1403774799408033.png,1403774811123618,16
/scratch/udit/robotcar/overcast/2014-06-26-09-24-58/stereo/centre_top_H/1403774799595509.png,1403774810941893,12
/scratch/udit/robotcar/overcast/2014-06-26-09-24-58/stereo/centre_top_H/1403774799782975.png,1403774812396195,12
/scratch/udit/robotcar/overcast/2014-06-26-09-24-58/stereo/centre_top_H/1403774799970466.png,1403774804851725,12
/scratch/udit/robotcar/overcast/2014-06-26-09-24-58/stereo/centre_top_H/1403774800157953.png,1403774811214606,13
/scratch/udit/robotcar/overcast/2014-06-26-09-24-58/stereo/centre_top_H/1403774800345442.png,1403774812396195,13
/scratch/udit/robotcar/overcast/2014-06-26-09-24-58/stereo/centre_top_H/1403774800532928.png,1403774812487059,12
/scratch/udit/robotcar/overcast/2014-06-26-09-24-58/stereo/centre_top_H/1403774800720416.png,1403774801306832,11
/scratch/udit/robotcar/overcast/2014-06-26-09-24-58/stereo/centre_top_H/1403774800907889.png,1403774812396195,13
/scratch/udit/robotcar/overcast/2014-06-26-09-24-58/stereo/centre_top_H/1403774801095379.png,1403774813486923,11
/scratch/udit/robotcar/overcast/2014-06-26-09-24-58/stereo/centre_top_H/1403774801282859.png,1403774812305334,14
/scratch/udit/robotcar/overcast/2014-06-26-09-24-58/stereo/centre_top_H/1403774801470338.png,1403774811305469,14
/scratch/udit/robotcar/overcast/2014-06-26-09-24-58/stereo/centre_top_H/1403774801657807.png,1403774811305469,13
/scratch/udit/robotcar/overcast/2014-06-26-09-24-58/stereo/centre_top_H/1403774801845280.png,1403774812123484,12
/scratch/udit/robotcar/overcast/2014-06-26-09-24-58/stereo/centre_top_H/1403774802032750.png,1403774811941757,14
/scratch/udit/robotcar/overcast/2014-06-26-09-24-58/stereo/centre_top_H/1403774802220229.png,1403774811214606,12
/scratch/udit/robotcar/overcast/2014-06-26-09-24-58/stereo/centre_top_H/1403774802407716.png,1403774813305198,13
/scratch/udit/robotcar/overcast/2014-06-26-09-24-58/stereo/centre_top_H/1403774802595186.png,1403774811305469,13
/scratch/udit/robotcar/overcast/2014-06-26-09-24-58/stereo/centre_top_H/1403774802782658.png,1403774810578319,11
/scratch/udit/robotcar/overcast/2014-06-26-09-24-58/stereo/centre_top_H/1403774802970145.png,1403774807124165,12
/scratch/udit/robotcar/overcast/2014-06-26-09-24-58/stereo/centre_top_H/1403774803157619.png,1403774812759772,13
/scratch/udit/robotcar/overcast/2014-06-26-09-24-58/stereo/centre_top_H/1403774803345091.png,1403774811396330,12
/scratch/udit/robotcar/overcast/2014-06-26-09-24-58/stereo/centre_top_H/1403774803532562.png,1403774810941893,10
/scratch/udit/robotcar/overcast/2014-06-26-09-24-58/stereo/centre_top_H/1403774803720030.png,1403774811032756,13
/scratch/udit/robotcar/overcast/2014-06-26-09-24-58/stereo/centre_top_H/1403774803907503.png,1403774811032756,14
/scratch/udit/robotcar/overcast/2014-06-26-09-24-58/stereo/centre_top_H/1403774804094975.png,1403774812032620,13
/scratch/udit/robotcar/overcast/2014-06-26-09-24-58/stereo/centre_top_H/1403774804282445.png,1403774811396330,11
/scratch/udit/robotcar/overcast/2014-06-26-09-24-58/stereo/centre_top_H/1403774804469912.png,1403774814759498,11
/scratch/udit/robotcar/overcast/2014-06-26-09-24-58/stereo/centre_top_H/1403774804657386.png,1403774812396195,12
/scratch/udit/robotcar/overcast/2014-06-26-09-24-58/stereo/centre_top_H/1403774804844859.png,1403774817759089,15
/scratch/udit/robotcar/overcast/2014-06-26-09-24-58/stereo/centre_top_H/1403774805032328.png,1403774811487193,12
/scratch/udit/robotcar/overcast/2014-06-26-09-24-58/stereo/centre_top_H/1403774805219795.png,1403774811123618,11
/scratch/udit/robotcar/overcast/2014-06-26-09-24-58/stereo/centre_top_H/1403774805407268.png,1403774810123755,13
/scratch/udit/robotcar/overcast/2014-06-26-09-24-58/stereo/centre_top_H/1403774805594740.png,1403774810487330,11
/scratch/udit/robotcar/overcast/2014-06-26-09-24-58/stereo/centre_top_H/1403774805782209.png,1403774810487330,11
/scratch/udit/robotcar/overcast/2014-06-26-09-24-58/stereo/centre_top_H/1403774805969682.png,1403774813032484,11
/scratch/udit/robotcar/overcast/2014-06-26-09-24-58/stereo/centre_top_H/1403774806157156.png,1403774811941757,12
/scratch/udit/robotcar/overcast/2014-06-26-09-24-58/stereo/centre_top_H/1403774806344626.png,1403774810032892,11
/scratch/udit/robotcar/overcast/2014-06-26-09-24-58/stereo/centre_top_H/1403774806532097.png,1403774810578319,12
/scratch/udit/robotcar/overcast/2014-06-26-09-24-58/stereo/centre_top_H/1403774806719567.png,1403774811032756,13
/scratch/udit/robotcar/overcast/2014-06-26-09-24-58/stereo/centre_top_H/1403774806907041.png,1403774812214470,13
/scratch/udit/robotcar/overcast/2014-06-26-09-24-58/stereo/centre_top_H/1403774807094511.png,1403774814032347,13
/scratch/udit/robotcar/overcast/2014-06-26-09-24-58/stereo/centre_top_H/1403774807281986.png,1403774812487059,12
/scratch/udit/robotcar/overcast/2014-06-26-09-24-58/stereo/centre_top_H/1403774807469454.png,1403774811305469,13
/scratch/udit/robotcar/overcast/2014-06-26-09-24-58/stereo/centre_top_H/1403774807656922.png,1403774812487059,16
/scratch/udit/robotcar/overcast/2014-06-26-09-24-58/stereo/centre_top_H/1403774807844392.png,1403774812123484,13
/scratch/udit/robotcar/overcast/2014-06-26-09-24-58/stereo/centre_top_H/1403774808031860.png,1403774810123755,12
/scratch/udit/robotcar/overcast/2014-06-26-09-24-58/stereo/centre_top_H/1403774808219330.png,1403774811941757,13
/scratch/udit/robotcar/overcast/2014-06-26-09-24-58/stereo/centre_top_H/1403774808406802.png,1403774812123484,12
/scratch/udit/robotcar/overcast/2014-06-26-09-24-58/stereo/centre_top_H/1403774808594270.png,1403774810760043,11
/scratch/udit/robotcar/overcast/2014-06-26-09-24-58/stereo/centre_top_H/1403774808844241.png,1403774812668909,13
/scratch/udit/robotcar/overcast/2014-06-26-09-24-58/stereo/centre_top_H/1403774809094213.png,1403774817759089,12
/scratch/udit/robotcar/overcast/2014-06-26-09-24-58/stereo/centre_top_H/1403774809281683.png,1403774819849680,12
/scratch/udit/robotcar/overcast/2014-06-26-09-24-58/stereo/centre_top_H/1403774809531657.png,1403774817668227,13
/scratch/udit/robotcar/overcast/2014-06-26-09-24-58/stereo/centre_top_H/1403774809781628.png,1403774813486923,13
/scratch/udit/robotcar/overcast/2014-06-26-09-24-58/stereo/centre_top_H/1403774809969101.png,1403774810669182,13
/scratch/udit/robotcar/overcast/2014-06-26-09-24-58/stereo/centre_top_H/1403774810219070.png,1403774812214470,12
/scratch/udit/robotcar/overcast/2014-06-26-09-24-58/stereo/centre_top_H/1403774810406540.png,1403774811759907,13
/scratch/udit/robotcar/overcast/2014-06-26-09-24-58/stereo/centre_top_H/1403774810656530.png,1403774820849545,13
/scratch/udit/robotcar/overcast/2014-06-26-09-24-58/stereo/centre_top_H/1403774810844017.png,1403774812032620,14
/scratch/udit/robotcar/overcast/2014-06-26-09-24-58/stereo/centre_top_H/1403774811094007.png,1403774813305198,17
/scratch/udit/robotcar/overcast/2014-06-26-09-24-58/stereo/centre_top_H/1403774811281497.png,1403774813396061,16
/scratch/udit/robotcar/overcast/2014-06-26-09-24-58/stereo/centre_top_H/1403774811531487.png,1403774812941623,11
/scratch/udit/robotcar/overcast/2014-06-26-09-24-58/stereo/centre_top_H/1403774811718976.png,1403774814032347,15
/scratch/udit/robotcar/overcast/2014-06-26-09-24-58/stereo/centre_top_H/1403774811906463.png,1403774813123348,11
/scratch/udit/robotcar/overcast/2014-06-26-09-24-58/stereo/centre_top_H/1403774812093948.png,1403774812578048,10
/scratch/udit/robotcar/overcast/2014-06-26-09-24-58/stereo/centre_top_H/1403774812281436.png,1403774815123073,11
/scratch/udit/robotcar/overcast/2014-06-26-09-24-58/stereo/centre_top_H/1403774812468919.png,1403774820485969,12
/scratch/udit/robotcar/overcast/2014-06-26-09-24-58/stereo/centre_top_H/1403774812656395.png,1403774815850225,11
/scratch/udit/robotcar/overcast/2014-06-26-09-24-58/stereo/centre_top_H/1403774812843866.png,1403774815850225,12
/scratch/udit/robotcar/overcast/2014-06-26-09-24-58/stereo/centre_top_H/1403774813031337.png,1403774818304515,10
/scratch/udit/robotcar/overcast/2014-06-26-09-24-58/stereo/centre_top_H/1403774813218805.png,1403774813668772,11
/scratch/udit/robotcar/overcast/2014-06-26-09-24-58/stereo/centre_top_H/1403774813406277.png,1403774817486376,10
/scratch/udit/robotcar/overcast/2014-06-26-09-24-58/stereo/centre_top_H/1403774813593762.png,1403774822122120,12
/scratch/udit/robotcar/overcast/2014-06-26-09-24-58/stereo/centre_top_H/1403774813781249.png,1403774814759498,14
/scratch/udit/robotcar/overcast/2014-06-26-09-24-58/stereo/centre_top_H/1403774813968721.png,1403774820213380,12
/scratch/udit/robotcar/overcast/2014-06-26-09-24-58/stereo/centre_top_H/1403774814156190.png,1403774818122665,11
/scratch/udit/robotcar/overcast/2014-06-26-09-24-58/stereo/centre_top_H/1403774814343661.png,1403774823031121,12
/scratch/udit/robotcar/overcast/2014-06-26-09-24-58/stereo/centre_top_H/1403774814531134.png,1403774821940395,11
/scratch/udit/robotcar/overcast/2014-06-26-09-24-58/stereo/centre_top_H/1403774814718603.png,1403774820940533,12
/scratch/udit/robotcar/overcast/2014-06-26-09-24-58/stereo/centre_top_H/1403774814906075.png,1403774818304515,10
/scratch/udit/robotcar/overcast/2014-06-26-09-24-58/stereo/centre_top_H/1403774815093547.png,1403774824121848,11
/scratch/udit/robotcar/overcast/2014-06-26-09-24-58/stereo/centre_top_H/1403774815281017.png,1403774817849952,12
/scratch/udit/robotcar/overcast/2014-06-26-09-24-58/stereo/centre_top_H/1403774815468492.png,1403774823121984,12
/scratch/udit/robotcar/overcast/2014-06-26-09-24-58/stereo/centre_top_H/1403774815655961.png,1403774822940259,12
/scratch/udit/robotcar/overcast/2014-06-26-09-24-58/stereo/centre_top_H/1403774815843432.png,1403774824394559,13
/scratch/udit/robotcar/overcast/2014-06-26-09-24-58/stereo/centre_top_H/1403774816030906.png,1403774821758547,13
/scratch/udit/robotcar/overcast/2014-06-26-09-24-58/stereo/centre_top_H/1403774816218374.png,1403774817668227,11
/scratch/udit/robotcar/overcast/2014-06-26-09-24-58/stereo/centre_top_H/1403774816405844.png,1403774821122257,14
/scratch/udit/robotcar/overcast/2014-06-26-09-24-58/stereo/centre_top_H/1403774816593315.png,1403774823121984,14
/scratch/udit/robotcar/overcast/2014-06-26-09-24-58/stereo/centre_top_H/1403774816780785.png,1403774817668227,13
/scratch/udit/robotcar/overcast/2014-06-26-09-24-58/stereo/centre_top_H/1403774816968255.png,1403774823121984,12
/scratch/udit/robotcar/overcast/2014-06-26-09-24-58/stereo/centre_top_H/1403774817155727.png,1403774822667544,11
/scratch/udit/robotcar/overcast/2014-06-26-09-24-58/stereo/centre_top_H/1403774817343199.png,1403774822485696,11
/scratch/udit/robotcar/overcast/2014-06-26-09-24-58/stereo/centre_top_H/1403774817530666.png,1403774823212972,13
/scratch/udit/robotcar/overcast/2014-06-26-09-24-58/stereo/centre_top_H/1403774817718141.png,1403774824667273,14
/scratch/udit/robotcar/overcast/2014-06-26-09-24-58/stereo/centre_top_H/1403774817905609.png,1403774825121711,15
/scratch/udit/robotcar/overcast/2014-06-26-09-24-58/stereo/centre_top_H/1403774818093080.png,1403774820758682,12
/scratch/udit/robotcar/overcast/2014-06-26-09-24-58/stereo/centre_top_H/1403774818280552.png,1403774825121711,12
/scratch/udit/robotcar/overcast/2014-06-26-09-24-58/stereo/centre_top_H/1403774818468023.png,1403774825394426,15
/scratch/udit/robotcar/overcast/2014-06-26-09-24-58/stereo/centre_top_H/1403774818655493.png,1403774819758817,12
/scratch/udit/robotcar/overcast/2014-06-26-09-24-58/stereo/centre_top_H/1403774818842965.png,1403774822031257,11
/scratch/udit/robotcar/overcast/2014-06-26-09-24-58/stereo/centre_top_H/1403774819030439.png,1403774822758408,12
/scratch/udit/robotcar/overcast/2014-06-26-09-24-58/stereo/centre_top_H/1403774819217911.png,1403774822849271,11
/scratch/udit/robotcar/overcast/2014-06-26-09-24-58/stereo/centre_top_H/1403774819405381.png,1403774821758547,11
/scratch/udit/robotcar/overcast/2014-06-26-09-24-58/stereo/centre_top_H/1403774819655350.png,1403774824394559,12
/scratch/udit/robotcar/overcast/2014-06-26-09-24-58/stereo/centre_top_H/1403774819842819.png,1403774825121711,13
/scratch/udit/robotcar/overcast/2014-06-26-09-24-58/stereo/centre_top_H/1403774820092790.png,1403774824939986,15
/scratch/udit/robotcar/overcast/2014-06-26-09-24-58/stereo/centre_top_H/1403774820342760.png,1403774824576410,13
/scratch/udit/robotcar/overcast/2014-06-26-09-24-58/stereo/centre_top_H/1403774820530229.png,1403774823031121,12
/scratch/udit/robotcar/overcast/2014-06-26-09-24-58/stereo/centre_top_H/1403774820780201.png,1403774829212154,15
/scratch/udit/robotcar/overcast/2014-06-26-09-24-58/stereo/centre_top_H/1403774821030170.png,1403774823485560,12
/scratch/udit/robotcar/overcast/2014-06-26-09-24-58/stereo/centre_top_H/1403774821217639.png,1403774822849271,12
/scratch/udit/robotcar/overcast/2014-06-26-09-24-58/stereo/centre_top_H/1403774821467607.png,1403774825303562,12
/scratch/udit/robotcar/overcast/2014-06-26-09-24-58/stereo/centre_top_H/1403774821717575.png,1403774824667273,14
/scratch/udit/robotcar/overcast/2014-06-26-09-24-58/stereo/centre_top_H/1403774821967547.png,1403774826485151,11
/scratch/udit/robotcar/overcast/2014-06-26-09-24-58/stereo/centre_top_H/1403774822155016.png,1403774825394426,11
/scratch/udit/robotcar/overcast/2014-06-26-09-24-58/stereo/centre_top_H/1403774822404982.png,1403774824939986,11
/scratch/udit/robotcar/overcast/2014-06-26-09-24-58/stereo/centre_top_H/1403774822654949.png,1403774825303562,11
/scratch/udit/robotcar/overcast/2014-06-26-09-24-58/stereo/centre_top_H/1403774822904921.png,1403774824576410,19
/scratch/udit/robotcar/overcast/2014-06-26-09-24-58/stereo/centre_top_H/1403774823154891.png,1403774825212699,12
/scratch/udit/robotcar/overcast/2014-06-26-09-24-58/stereo/centre_top_H/1403774823404859.png,1403774825394426,13
/scratch/udit/robotcar/overcast/2014-06-26-09-24-58/stereo/centre_top_H/1403774823654829.png,1403774827394152,11
/scratch/udit/robotcar/overcast/2014-06-26-09-24-58/stereo/centre_top_H/1403774823842315.png,1403774825121711,14
/scratch/udit/robotcar/overcast/2014-06-26-09-24-58/stereo/centre_top_H/1403774824092304.png,1403774824939986,11
/scratch/udit/robotcar/overcast/2014-06-26-09-24-58/stereo/centre_top_H/1403774824342294.png,1403774831666319,11
/scratch/udit/robotcar/overcast/2014-06-26-09-24-58/stereo/centre_top_H/1403774824592280.png,1403774825212699,12
/scratch/udit/robotcar/overcast/2014-06-26-09-24-58/stereo/centre_top_H/1403774824842267.png,1403774830484608,14
/scratch/udit/robotcar/overcast/2014-06-26-09-24-58/stereo/centre_top_H/1403774825029756.png,1403774832484334,12
/scratch/udit/robotcar/overcast/2014-06-26-09-24-58/stereo/centre_top_H/1403774825217234.png,1403774832120757,12
/scratch/udit/robotcar/overcast/2014-06-26-09-24-58/stereo/centre_top_H/1403774825404723.png,1403774833302473,13
/scratch/udit/robotcar/overcast/2014-06-26-09-24-58/stereo/centre_top_H/1403774825592214.png,1403774827394152,12
/scratch/udit/robotcar/overcast/2014-06-26-09-24-58/stereo/centre_top_H/1403774825779701.png,1403774830575595,14
/scratch/udit/robotcar/overcast/2014-06-26-09-24-58/stereo/centre_top_H/1403774825967172.png,1403774832666185,10
/scratch/udit/robotcar/overcast/2014-06-26-09-24-58/stereo/centre_top_H/1403774826154650.png,1403774829121167,11
/scratch/udit/robotcar/overcast/2014-06-26-09-24-58/stereo/centre_top_H/1403774826342120.png,1403774829757454,11
/scratch/udit/robotcar/overcast/2014-06-26-09-24-58/stereo/centre_top_H/1403774826529592.png,1403774830666458,12
/scratch/udit/robotcar/overcast/2014-06-26-09-24-58/stereo/centre_top_H/1403774826717062.png,1403774827757727,11
/scratch/udit/robotcar/overcast/2014-06-26-09-24-58/stereo/centre_top_H/1403774826904534.png,1403774831211882,13
/scratch/udit/robotcar/overcast/2014-06-26-09-24-58/stereo/centre_top_H/1403774827092007.png,1403774833211611,12
/scratch/udit/robotcar/overcast/2014-06-26-09-24-58/stereo/centre_top_H/1403774827279479.png,1403774830575595,11
/scratch/udit/robotcar/overcast/2014-06-26-09-24-58/stereo/centre_top_H/1403774827466947.png,1403774831666319,13
/scratch/udit/robotcar/overcast/2014-06-26-09-24-58/stereo/centre_top_H/1403774827654420.png,1403774830848183,12
/scratch/udit/robotcar/overcast/2014-06-26-09-24-58/stereo/centre_top_H/1403774827841889.png,1403774833666046,14
/scratch/udit/robotcar/overcast/2014-06-26-09-24-58/stereo/centre_top_H/1403774828029363.png,1403774833847775,12
/scratch/udit/robotcar/overcast/2014-06-26-09-24-58/stereo/centre_top_H/1403774828216833.png,1403774830848183,10
/scratch/udit/robotcar/overcast/2014-06-26-09-24-58/stereo/centre_top_H/1403774828404302.png,1403774833756911,13
/scratch/udit/robotcar/overcast/2014-06-26-09-24-58/stereo/centre_top_H/1403774828591772.png,1403774830848183,12
/scratch/udit/robotcar/overcast/2014-06-26-09-24-58/stereo/centre_top_H/1403774828779244.png,1403774830757320,13
/scratch/udit/robotcar/overcast/2014-06-26-09-24-58/stereo/centre_top_H/1403774828966711.png,1403774836483790,11
/scratch/udit/robotcar/overcast/2014-06-26-09-24-58/stereo/centre_top_H/1403774829154182.png,1403774833847775,12
/scratch/udit/robotcar/overcast/2014-06-26-09-24-58/stereo/centre_top_H/1403774829341654.png,1403774831393607,12
/scratch/udit/robotcar/overcast/2014-06-26-09-24-58/stereo/centre_top_H/1403774829529127.png,1403774830575595,12
/scratch/udit/robotcar/overcast/2014-06-26-09-24-58/stereo/centre_top_H/1403774829716597.png,1403774833029759,11
/scratch/udit/robotcar/overcast/2014-06-26-09-24-58/stereo/centre_top_H/1403774829904085.png,1403774834029622,11
/scratch/udit/robotcar/overcast/2014-06-26-09-24-58/stereo/centre_top_H/1403774830091574.png,1403774831120896,13
/scratch/udit/robotcar/overcast/2014-06-26-09-24-58/stereo/centre_top_H/1403774830279062.png,1403774830666458,11
/scratch/udit/robotcar/overcast/2014-06-26-09-24-58/stereo/centre_top_H/1403774830466550.png,1403774830848183,11
/scratch/udit/robotcar/overcast/2014-06-26-09-24-58/stereo/centre_top_H/1403774830654041.png,1403774834120487,12
/scratch/udit/robotcar/overcast/2014-06-26-09-24-58/stereo/centre_top_H/1403774830841527.png,1403774833666046,12
/scratch/udit/robotcar/overcast/2014-06-26-09-24-58/stereo/centre_top_H/1403774831029010.png,1403774833029759,11
/scratch/udit/robotcar/overcast/2014-06-26-09-24-58/stereo/centre_top_H/1403774831216499.png,1403774833302473,14
/scratch/udit/robotcar/overcast/2014-06-26-09-24-58/stereo/centre_top_H/1403774831403977.png,1403774833029759,11
/scratch/udit/robotcar/overcast/2014-06-26-09-24-58/stereo/centre_top_H/1403774831591453.png,1403774833666046,12
/scratch/udit/robotcar/overcast/2014-06-26-09-24-58/stereo/centre_top_H/1403774831778926.png,1403774833484208,13
/scratch/udit/robotcar/overcast/2014-06-26-09-24-58/stereo/centre_top_H/1403774831966396.png,1403774834029622,11
/scratch/udit/robotcar/overcast/2014-06-26-09-24-58/stereo/centre_top_H/1403774832153867.png,1403774833756911,12
/scratch/udit/robotcar/overcast/2014-06-26-09-24-58/stereo/centre_top_H/1403774832341336.png,1403774833484208,13
/scratch/udit/robotcar/overcast/2014-06-26-09-24-58/stereo/centre_top_H/1403774832528807.png,1403774834120487,13
/scratch/udit/robotcar/overcast/2014-06-26-09-24-58/stereo/centre_top_H/1403774832716277.png,1403774833302473,11
/scratch/udit/robotcar/overcast/2014-06-26-09-24-58/stereo/centre_top_H/1403774832903748.png,1403774835211336,11
/scratch/udit/robotcar/overcast/2014-06-26-09-24-58/stereo/centre_top_H/1403774833091218.png,1403774833847775,11
/scratch/udit/robotcar/overcast/2014-06-26-09-24-58/stereo/centre_top_H/1403774833278689.png,1403774833938762,12
/scratch/udit/robotcar/overcast/2014-06-26-09-24-58/stereo/centre_top_H/1403774833466162.png,1403774833847775,11
/scratch/udit/robotcar/overcast/2014-06-26-09-24-58/stereo/centre_top_H/1403774833653629.png,1403774835756637,9
/scratch/udit/robotcar/overcast/2014-06-26-09-24-58/stereo/centre_top_H/1403774833841101.png,1403774836938351,12
/scratch/udit/robotcar/overcast/2014-06-26-09-24-58/stereo/centre_top_H/1403774834028579.png,1403774838301792,11
/scratch/udit/robotcar/overcast/2014-06-26-09-24-58/stereo/centre_top_H/1403774834216044.png,1403774841392245,10
/scratch/udit/robotcar/overcast/2014-06-26-09-24-58/stereo/centre_top_H/1403774834403516.png,1403774837847227,11
/scratch/udit/robotcar/overcast/2014-06-26-09-24-58/stereo/centre_top_H/1403774834590987.png,1403774836029351,11
/scratch/udit/robotcar/overcast/2014-06-26-09-24-58/stereo/centre_top_H/1403774834778459.png,1403774836574777,11
/scratch/udit/robotcar/overcast/2014-06-26-09-24-58/stereo/centre_top_H/1403774834965930.png,1403774839392519,10
/scratch/udit/robotcar/overcast/2014-06-26-09-24-58/stereo/centre_top_H/1403774835153402.png,1403774836847366,11
/scratch/udit/robotcar/overcast/2014-06-26-09-24-58/stereo/centre_top_H/1403774835340877.png,1403774840392382,9
/scratch/udit/robotcar/overcast/2014-06-26-09-24-58/stereo/centre_top_H/1403774835528347.png,1403774843210249,12
/scratch/udit/robotcar/overcast/2014-06-26-09-24-58/stereo/centre_top_H/1403774835715816.png,1403774838574505,11
/scratch/udit/robotcar/overcast/2014-06-26-09-24-58/stereo/centre_top_H/1403774835903289.png,1403774841937669,12
/scratch/udit/robotcar/overcast/2014-06-26-09-24-58/stereo/centre_top_H/1403774836090758.png,1403774837029214,11
/scratch/udit/robotcar/overcast/2014-06-26-09-24-58/stereo/centre_top_H/1403774836278227.png,1403774838938081,10
/scratch/udit/robotcar/overcast/2014-06-26-09-24-58/stereo/centre_top_H/1403774836465698.png,1403774844391838,13
/scratch/udit/robotcar/overcast/2014-06-26-09-24-58/stereo/centre_top_H/1403774836653166.png,1403774841483107,11
/scratch/udit/robotcar/overcast/2014-06-26-09-24-58/stereo/centre_top_H/1403774836840641.png,1403774843028398,14
/scratch/udit/robotcar/overcast/2014-06-26-09-24-58/stereo/centre_top_H/1403774837028113.png,1403774841392245,13
/scratch/udit/robotcar/overcast/2014-06-26-09-24-58/stereo/centre_top_H/1403774837215580.png,1403774843937399,14
/scratch/udit/robotcar/overcast/2014-06-26-09-24-58/stereo/centre_top_H/1403774837465550.png,1403774844573688,11
/scratch/udit/robotcar/overcast/2014-06-26-09-24-58/stereo/centre_top_H/1403774837715524.png,1403774838574505,12
/scratch/udit/robotcar/overcast/2014-06-26-09-24-58/stereo/centre_top_H/1403774837902992.png,1403774843937399,11
/scratch/udit/robotcar/overcast/2014-06-26-09-24-58/stereo/centre_top_H/1403774838152967.png,1403774839392519,12
/scratch/udit/robotcar/overcast/2014-06-26-09-24-58/stereo/centre_top_H/1403774838402936.png,1403774843846412,12
/scratch/udit/robotcar/overcast/2014-06-26-09-24-58/stereo/centre_top_H/1403774838590409.png,1403774842210383,11
/scratch/udit/robotcar/overcast/2014-06-26-09-24-58/stereo/centre_top_H/1403774838840396.png,1403774845482564,12
/scratch/udit/robotcar/overcast/2014-06-26-09-24-58/stereo/centre_top_H/1403774839027884.png,1403774844028260,12
/scratch/udit/robotcar/overcast/2014-06-26-09-24-58/stereo/centre_top_H/1403774839277873.png,1403774839937944,10
/scratch/udit/robotcar/overcast/2014-06-26-09-24-58/stereo/centre_top_H/1403774839465361.png,1403774845755277,11
/scratch/udit/robotcar/overcast/2014-06-26-09-24-58/stereo/centre_top_H/1403774839715350.png,1403774843210249,11
/scratch/udit/robotcar/overcast/2014-06-26-09-24-58/stereo/centre_top_H/1403774839902839.png,1403774846118853,12
/scratch/udit/robotcar/overcast/2014-06-26-09-24-58/stereo/centre_top_H/1403774840090314.png,1403774842210383,11
/scratch/udit/robotcar/overcast/2014-06-26-09-24-58/stereo/centre_top_H/1403774840277790.png,1403774842846546,9
/scratch/udit/robotcar/overcast/2014-06-26-09-24-58/stereo/centre_top_H/1403774840465279.png,1403774845209976,13
/scratch/udit/robotcar/overcast/2014-06-26-09-24-58/stereo/centre_top_H/1403774840652767.png,1403774846846003,11
/scratch/udit/robotcar/overcast/2014-06-26-09-24-58/stereo/centre_top_H/1403774840840254.png,1403774844028260,12
/scratch/udit/robotcar/overcast/2014-06-26-09-24-58/stereo/centre_top_H/1403774841027736.png,1403774843846412,11
/scratch/udit/robotcar/overcast/2014-06-26-09-24-58/stereo/centre_top_H/1403774841215211.png,1403774843937399,11
/scratch/udit/robotcar/overcast/2014-06-26-09-24-58/stereo/centre_top_H/1403774841402687.png,1403774843664684,11
/scratch/udit/robotcar/overcast/2014-06-26-09-24-58/stereo/centre_top_H/1403774841590155.png,1403774843573822,13
/scratch/udit/robotcar/overcast/2014-06-26-09-24-58/stereo/centre_top_H/1403774841777627.png,1403774842392109,12
/scratch/udit/robotcar/overcast/2014-06-26-09-24-58/stereo/centre_top_H/1403774841965097.png,1403774844755413,11
/scratch/udit/robotcar/overcast/2014-06-26-09-24-58/stereo/centre_top_H/1403774842152568.png,1403774843846412,11
/scratch/udit/robotcar/overcast/2014-06-26-09-24-58/stereo/centre_top_H/1403774842340039.png,1403774842846546,13
/scratch/udit/robotcar/overcast/2014-06-26-09-24-58/stereo/centre_top_H/1403774842527511.png,1403774844028260,14
/scratch/udit/robotcar/overcast/2014-06-26-09-24-58/stereo/centre_top_H/1403774842714985.png,1403774846846003,11
/scratch/udit/robotcar/overcast/2014-06-26-09-24-58/stereo/centre_top_H/1403774842902458.png,1403774844119125,12
/scratch/udit/robotcar/overcast/2014-06-26-09-24-58/stereo/centre_top_H/1403774843089927.png,1403774845391701,11
/scratch/udit/robotcar/overcast/2014-06-26-09-24-58/stereo/centre_top_H/1403774843277403.png,1403774844846276,13
/scratch/udit/robotcar/overcast/2014-06-26-09-24-58/stereo/centre_top_H/1403774843464875.png,1403774844846276,14
/scratch/udit/robotcar/overcast/2014-06-26-09-24-58/stereo/centre_top_H/1403774843652344.png,1403774844846276,11
/scratch/udit/robotcar/overcast/2014-06-26-09-24-58/stereo/centre_top_H/1403774843839830.png,1403774847845867,11
/scratch/udit/robotcar/overcast/2014-06-26-09-24-58/stereo/centre_top_H/1403774844027321.png,1403774844755413,12
/scratch/udit/robotcar/overcast/2014-06-26-09-24-58/stereo/centre_top_H/1403774844214806.png,1403774845482564,12
/scratch/udit/robotcar/overcast/2014-06-26-09-24-58/stereo/centre_top_H/1403774844402294.png,1403774845573552,11
/scratch/udit/robotcar/overcast/2014-06-26-09-24-58/stereo/centre_top_H/1403774844589766.png,1403774845573552,11
/scratch/udit/robotcar/overcast/2014-06-26-09-24-58/stereo/centre_top_H/1403774844777237.png,1403774846482428,9
/scratch/udit/robotcar/overcast/2014-06-26-09-24-58/stereo/centre_top_H/1403774844964706.png,1403774847573279,12
/scratch/udit/robotcar/overcast/2014-06-26-09-24-58/stereo/centre_top_H/1403774845152174.png,1403774848027718,10
/scratch/udit/robotcar/overcast/2014-06-26-09-24-58/stereo/centre_top_H/1403774845339648.png,1403774848664006,12
/scratch/udit/robotcar/overcast/2014-06-26-09-24-58/stereo/centre_top_H/1403774845527120.png,1403774848209568,11
/scratch/udit/robotcar/overcast/2014-06-26-09-24-58/stereo/centre_top_H/1403774845714588.png,1403774853390612,10
/scratch/udit/robotcar/overcast/2014-06-26-09-24-58/stereo/centre_top_H/1403774845902061.png,1403774852572598,10
/scratch/udit/robotcar/overcast/2014-06-26-09-24-58/stereo/centre_top_H/1403774846089531.png,1403774847391429,11
/scratch/udit/robotcar/overcast/2014-06-26-09-24-58/stereo/centre_top_H/1403774846277004.png,1403774852118035,11
/scratch/udit/robotcar/overcast/2014-06-26-09-24-58/stereo/centre_top_H/1403774846464477.png,1403774847936855,14
/scratch/udit/robotcar/overcast/2014-06-26-09-24-58/stereo/centre_top_H/1403774846651951.png,1403774847936855,12
/scratch/udit/robotcar/overcast/2014-06-26-09-24-58/stereo/centre_top_H/1403774846839418.png,1403774851390885,10
/scratch/udit/robotcar/overcast/2014-06-26-09-24-58/stereo/centre_top_H/1403774847026889.png,1403774849754733,11
/scratch/udit/robotcar/overcast/2014-06-26-09-24-58/stereo/centre_top_H/1403774847214362.png,1403774852027172,10
/scratch/udit/robotcar/overcast/2014-06-26-09-24-58/stereo/centre_top_H/1403774847401832.png,1403774847936855,13
/scratch/udit/robotcar/overcast/2014-06-26-09-24-58/stereo/centre_top_H/1403774847589306.png,1403774851027309,12
/scratch/udit/robotcar/overcast/2014-06-26-09-24-58/stereo/centre_top_H/1403774847776776.png,1403774854935902,10
/scratch/udit/robotcar/overcast/2014-06-26-09-24-58/stereo/centre_top_H/1403774847964245.png,1403774853117899,11
/scratch/udit/robotcar/overcast/2014-06-26-09-24-58/stereo/centre_top_H/1403774848151733.png,1403774849754733,11
/scratch/udit/robotcar/overcast/2014-06-26-09-24-58/stereo/centre_top_H/1403774848339221.png,1403774855208615,12
/scratch/udit/robotcar/overcast/2014-06-26-09-24-58/stereo/centre_top_H/1403774848526707.png,1403774849391157,11
/scratch/udit/robotcar/overcast/2014-06-26-09-24-58/stereo/centre_top_H/1403774848714195.png,1403774853481475,11
/scratch/udit/robotcar/overcast/2014-06-26-09-24-58/stereo/centre_top_H/1403774848901684.png,1403774855117626,13
/scratch/udit/robotcar/overcast/2014-06-26-09-24-58/stereo/centre_top_H/1403774849089157.png,1403774855390340,13
/scratch/udit/robotcar/overcast/2014-06-26-09-24-58/stereo/centre_top_H/1403774849276641.png,1403774855299478,13
/scratch/udit/robotcar/overcast/2014-06-26-09-24-58/stereo/centre_top_H/1403774849464132.png,1403774855572190,11
/scratch/udit/robotcar/overcast/2014-06-26-09-24-58/stereo/centre_top_H/1403774849651618.png,1403774851754460,11
/scratch/udit/robotcar/overcast/2014-06-26-09-24-58/stereo/centre_top_H/1403774849839100.png,1403774853754187,11
/scratch/udit/robotcar/overcast/2014-06-26-09-24-58/stereo/centre_top_H/1403774850026577.png,1403774855208615,11
/scratch/udit/robotcar/overcast/2014-06-26-09-24-58/stereo/centre_top_H/1403774850214050.png,1403774855208615,12
/scratch/udit/robotcar/overcast/2014-06-26-09-24-58/stereo/centre_top_H/1403774850401518.png,1403774854663189,10
/scratch/udit/robotcar/overcast/2014-06-26-09-24-58/stereo/centre_top_H/1403774850588990.png,1403774855572190,11
/scratch/udit/robotcar/overcast/2014-06-26-09-24-58/stereo/centre_top_H/1403774850776459.png,1403774859026219,11
/scratch/udit/robotcar/overcast/2014-06-26-09-24-58/stereo/centre_top_H/1403774850963932.png,1403774852572598,12
/scratch/udit/robotcar/overcast/2014-06-26-09-24-58/stereo/centre_top_H/1403774851151402.png,1403774851481747,12
/scratch/udit/robotcar/overcast/2014-06-26-09-24-58/stereo/centre_top_H/1403774851338873.png,1403774852572598,12
/scratch/udit/robotcar/overcast/2014-06-26-09-24-58/stereo/centre_top_H/1403774851526348.png,1403774855299478,11
/scratch/udit/robotcar/overcast/2014-06-26-09-24-58/stereo/centre_top_H/1403774851713816.png,1403774854935902,11
/scratch/udit/robotcar/overcast/2014-06-26-09-24-58/stereo/centre_top_H/1403774851901288.png,1403774852390748,10
/scratch/udit/robotcar/overcast/2014-06-26-09-24-58/stereo/centre_top_H/1403774852088760.png,1403774857390067,11
/scratch/udit/robotcar/overcast/2014-06-26-09-24-58/stereo/centre_top_H/1403774852276230.png,1403774855299478,10
/scratch/udit/robotcar/overcast/2014-06-26-09-24-58/stereo/centre_top_H/1403774852463701.png,1403774853936038,10
/scratch/udit/robotcar/overcast/2014-06-26-09-24-58/stereo/centre_top_H/1403774852651170.png,1403774853936038,11
/scratch/udit/robotcar/overcast/2014-06-26-09-24-58/stereo/centre_top_H/1403774852838642.png,1403774854663189,10
/scratch/udit/robotcar/overcast/2014-06-26-09-24-58/stereo/centre_top_H/1403774853026113.png,1403774855935766,11
/scratch/udit/robotcar/overcast/2014-06-26-09-24-58/stereo/centre_top_H/1403774853213584.png,1403774855935766,11
/scratch/udit/robotcar/overcast/2014-06-26-09-24-58/stereo/centre_top_H/1403774853401057.png,1403774855208615,10
/scratch/udit/robotcar/overcast/2014-06-26-09-24-58/stereo/centre_top_H/1403774853588526.png,1403774855117626,11
/scratch/udit/robotcar/overcast/2014-06-26-09-24-58/stereo/centre_top_H/1403774853775996.png,1403774854481338,10
/scratch/udit/robotcar/overcast/2014-06-26-09-24-58/stereo/centre_top_H/1403774853963462.png,1403774857208342,10
/scratch/udit/robotcar/overcast/2014-06-26-09-24-58/stereo/centre_top_H/1403774854150932.png,1403774854844914,11
/scratch/udit/robotcar/overcast/2014-06-26-09-24-58/stereo/centre_top_H/1403774854338403.png,1403774854754051,10
/scratch/udit/robotcar/overcast/2014-06-26-09-24-58/stereo/centre_top_H/1403774854525869.png,1403774855572190,10
/scratch/udit/robotcar/overcast/2014-06-26-09-24-58/stereo/centre_top_H/1403774854713338.png,1403774859208070,12
/scratch/udit/robotcar/overcast/2014-06-26-09-24-58/stereo/centre_top_H/1403774854900808.png,1403774858026356,10
/scratch/udit/robotcar/overcast/2014-06-26-09-24-58/stereo/centre_top_H/1403774855088277.png,1403774857208342,11
/scratch/udit/robotcar/overcast/2014-06-26-09-24-58/stereo/centre_top_H/1403774855275749.png,1403774858026356,11
/scratch/udit/robotcar/overcast/2014-06-26-09-24-58/stereo/centre_top_H/1403774855525715.png,1403774858026356,11
/scratch/udit/robotcar/overcast/2014-06-26-09-24-58/stereo/centre_top_H/1403774855775685.png,1403774864298252,10
/scratch/udit/robotcar/overcast/2014-06-26-09-24-58/stereo/centre_top_H/1403774855963170.png,1403774863207526,11
/scratch/udit/robotcar/overcast/2014-06-26-09-24-58/stereo/centre_top_H/1403774856213158.png,1403774861389523,12
/scratch/udit/robotcar/overcast/2014-06-26-09-24-58/stereo/centre_top_H/1403774856463148.png,1403774866207117,11
/scratch/udit/robotcar/overcast/2014-06-26-09-24-58/stereo/centre_top_H/1403774856713136.png,1403774859389795,10
/scratch/udit/robotcar/overcast/2014-06-26-09-24-58/stereo/centre_top_H/1403774856963122.png,1403774866570692,12
/scratch/udit/robotcar/overcast/2014-06-26-09-24-58/stereo/centre_top_H/1403774857213111.png,1403774867388706,13
/scratch/udit/robotcar/overcast/2014-06-26-09-24-58/stereo/centre_top_H/1403774857400594.png,1403774866297979,13
/scratch/udit/robotcar/overcast/2014-06-26-09-24-58/stereo/centre_top_H/1403774857588080.png,1403774867025130,11
/scratch/udit/robotcar/overcast/2014-06-26-09-24-58/stereo/centre_top_H/1403774857775568.png,1403774872933451,12
/scratch/udit/robotcar/overcast/2014-06-26-09-24-58/stereo/centre_top_H/1403774857963053.png,1403774869388433,12
/scratch/udit/robotcar/overcast/2014-06-26-09-24-58/stereo/centre_top_H/1403774858150523.png,1403774865843417,12
/scratch/udit/robotcar/overcast/2014-06-26-09-24-58/stereo/centre_top_H/1403774858337995.png,1403774860844097,12
/scratch/udit/robotcar/overcast/2014-06-26-09-24-58/stereo/centre_top_H/1403774858525469.png,1403774867752281,13
/scratch/udit/robotcar/overcast/2014-06-26-09-24-58/stereo/centre_top_H/1403774858712936.png,1403774868297708,13
/scratch/udit/robotcar/overcast/2014-06-26-09-24-58/stereo/centre_top_H/1403774858900411.png,1403774869388433,15
/scratch/udit/robotcar/overcast/2014-06-26-09-24-58/stereo/centre_top_H/1403774859087882.png,1403774873024313,14
/scratch/udit/robotcar/overcast/2014-06-26-09-24-58/stereo/centre_top_H/1403774859275354.png,1403774869933859,13
/scratch/udit/robotcar/overcast/2014-06-26-09-24-58/stereo/centre_top_H/1403774859462825.png,1403774866752417,13
/scratch/udit/robotcar/overcast/2014-06-26-09-24-58/stereo/centre_top_H/1403774859650306.png,1403774866297979,10
/scratch/udit/robotcar/overcast/2014-06-26-09-24-58/stereo/centre_top_H/1403774859837769.png,1403774869661147,12
/scratch/udit/robotcar/overcast/2014-06-26-09-24-58/stereo/centre_top_H/1403774860025238.png,1403774860389659,12
/scratch/udit/robotcar/overcast/2014-06-26-09-24-58/stereo/centre_top_H/1403774860212707.png,1403774870570148,12
/scratch/udit/robotcar/overcast/2014-06-26-09-24-58/stereo/centre_top_H/1403774860400179.png,1403774868933995,13
/scratch/udit/robotcar/overcast/2014-06-26-09-24-58/stereo/centre_top_H/1403774860587649.png,1403774877750920,12
/scratch/udit/robotcar/overcast/2014-06-26-09-24-58/stereo/centre_top_H/1403774860775116.png,1403774872933451,14
/scratch/udit/robotcar/overcast/2014-06-26-09-24-58/stereo/centre_top_H/1403774860962585.png,1403774866388842,12
/scratch/udit/robotcar/overcast/2014-06-26-09-24-58/stereo/centre_top_H/1403774861150062.png,1403774868388569,12
/scratch/udit/robotcar/overcast/2014-06-26-09-24-58/stereo/centre_top_H/1403774861337533.png,1403774869479296,13
/scratch/udit/robotcar/overcast/2014-06-26-09-24-58/stereo/centre_top_H/1403774861525001.png,1403774866116130,11
/scratch/udit/robotcar/overcast/2014-06-26-09-24-58/stereo/centre_top_H/1403774861712471.png,1403774866297979,12
/scratch/udit/robotcar/overcast/2014-06-26-09-24-58/stereo/centre_top_H/1403774861899945.png,1403774869661147,13
/scratch/udit/robotcar/overcast/2014-06-26-09-24-58/stereo/centre_top_H/1403774862087414.png,1403774869115720,14
/scratch/udit/robotcar/overcast/2014-06-26-09-24-58/stereo/centre_top_H/1403774862274886.png,1403774864843552,12
/scratch/udit/robotcar/overcast/2014-06-26-09-24-58/stereo/centre_top_H/1403774862462357.png,1403774867934132,12
/scratch/udit/robotcar/overcast/2014-06-26-09-24-58/stereo/centre_top_H/1403774862649828.png,1403774866934268,14
/scratch/udit/robotcar/overcast/2014-06-26-09-24-58/stereo/centre_top_H/1403774862837319.png,1403774877114632,13
/scratch/udit/robotcar/overcast/2014-06-26-09-24-58/stereo/centre_top_H/1403774863024806.png,1403774866297979,13
/scratch/udit/robotcar/overcast/2014-06-26-09-24-58/stereo/centre_top_H/1403774863212297.png,1403774876478343,13
/scratch/udit/robotcar/overcast/2014-06-26-09-24-58/stereo/centre_top_H/1403774863399785.png,1403774878114496,12
/scratch/udit/robotcar/overcast/2014-06-26-09-24-58/stereo/centre_top_H/1403774863587271.png,1403774876932906,15
/scratch/udit/robotcar/overcast/2014-06-26-09-24-58/stereo/centre_top_H/1403774863837260.png,1403774866297979,14
/scratch/udit/robotcar/overcast/2014-06-26-09-24-58/stereo/centre_top_H/1403774864024744.png,1403774868933995,13
/scratch/udit/robotcar/overcast/2014-06-26-09-24-58/stereo/centre_top_H/1403774864212230.png,1403774868479433,12
/scratch/udit/robotcar/overcast/2014-06-26-09-24-58/stereo/centre_top_H/1403774864399716.png,1403774867388706,12
/scratch/udit/robotcar/overcast/2014-06-26-09-24-58/stereo/centre_top_H/1403774864587200.png,1403774877023769,12
/scratch/udit/robotcar/overcast/2014-06-26-09-24-58/stereo/centre_top_H/1403774864774673.png,1403774868752146,12
/scratch/udit/robotcar/overcast/2014-06-26-09-24-58/stereo/centre_top_H/1403774864962149.png,1403774868206844,13
/scratch/udit/robotcar/overcast/2014-06-26-09-24-58/stereo/centre_top_H/1403774865149618.png,1403774868570420,12
/scratch/udit/robotcar/overcast/2014-06-26-09-24-58/stereo/centre_top_H/1403774865337091.png,1403774871479024,12
/scratch/udit/robotcar/overcast/2014-06-26-09-24-58/stereo/centre_top_H/1403774865524562.png,1403774870024722,13
/scratch/udit/robotcar/overcast/2014-06-26-09-24-58/stereo/centre_top_H/1403774865712033.png,1403774867025130,12
/scratch/udit/robotcar/overcast/2014-06-26-09-24-58/stereo/centre_top_H/1403774865899501.png,1403774868661282,13
/scratch/udit/robotcar/overcast/2014-06-26-09-24-58/stereo/centre_top_H/1403774866086974.png,1403774867570556,11
/scratch/udit/robotcar/overcast/2014-06-26-09-24-58/stereo/centre_top_H/1403774866274445.png,1403774869752009,12
/scratch/udit/robotcar/overcast/2014-06-26-09-24-58/stereo/centre_top_H/1403774866461916.png,1403774869933859,11
/scratch/udit/robotcar/overcast/2014-06-26-09-24-58/stereo/centre_top_H/1403774866649388.png,1403774877296481,11
/scratch/udit/robotcar/overcast/2014-06-26-09-24-58/stereo/centre_top_H/1403774866836876.png,1403774875842055,11
/scratch/udit/robotcar/overcast/2014-06-26-09-24-58/stereo/centre_top_H/1403774867024364.png,1403774870115585,12
/scratch/udit/robotcar/overcast/2014-06-26-09-24-58/stereo/centre_top_H/1403774867211853.png,1403774874569603,15
/scratch/udit/robotcar/overcast/2014-06-26-09-24-58/stereo/centre_top_H/1403774867399337.png,1403774869752009,12
/scratch/udit/robotcar/overcast/2014-06-26-09-24-58/stereo/centre_top_H/1403774867586805.png,1403774872751600,13
/scratch/udit/robotcar/overcast/2014-06-26-09-24-58/stereo/centre_top_H/1403774867774280.png,1403774876478343,11
/scratch/udit/robotcar/overcast/2014-06-26-09-24-58/stereo/centre_top_H/1403774867961747.png,1403774875114904,11
/scratch/udit/robotcar/overcast/2014-06-26-09-24-58/stereo/centre_top_H/1403774868149221.png,1403774869661147,12
/scratch/udit/robotcar/overcast/2014-06-26-09-24-58/stereo/centre_top_H/1403774868336689.png,1403774874751328,13
/scratch/udit/robotcar/overcast/2014-06-26-09-24-58/stereo/centre_top_H/1403774868524176.png,1403774869842872,13
/scratch/udit/robotcar/overcast/2014-06-26-09-24-58/stereo/centre_top_H/1403774868711667.png,1403774878114496,10
/scratch/udit/robotcar/overcast/2014-06-26-09-24-58/stereo/centre_top_H/1403774868899144.png,1403774875751193,12
/scratch/udit/robotcar/overcast/2014-06-26-09-24-58/stereo/centre_top_H/1403774869086620.png,1403774873751465,12
/scratch/udit/robotcar/overcast/2014-06-26-09-24-58/stereo/centre_top_H/1403774869274088.png,1403774870115585,12
/scratch/udit/robotcar/overcast/2014-06-26-09-24-58/stereo/centre_top_H/1403774869461559.png,1403774878750784,13
/scratch/udit/robotcar/overcast/2014-06-26-09-24-58/stereo/centre_top_H/1403774869649031.png,1403774872842463,14
/scratch/udit/robotcar/overcast/2014-06-26-09-24-58/stereo/centre_top_H/1403774869836498.png,1403774878841647,11
/scratch/udit/robotcar/overcast/2014-06-26-09-24-58/stereo/centre_top_H/1403774870023969.png,1403774877023769,13
/scratch/udit/robotcar/overcast/2014-06-26-09-24-58/stereo/centre_top_H/1403774870211439.png,1403774876841919,12
/scratch/udit/robotcar/overcast/2014-06-26-09-24-58/stereo/centre_top_H/1403774870398908.png,1403774877205620,12
/scratch/udit/robotcar/overcast/2014-06-26-09-24-58/stereo/centre_top_H/1403774870586380.png,1403774876114767,13
/scratch/udit/robotcar/overcast/2014-06-26-09-24-58/stereo/centre_top_H/1403774870773855.png,1403774875933042,12
/scratch/udit/robotcar/overcast/2014-06-26-09-24-58/stereo/centre_top_H/1403774870961323.png,1403774872751600,12
/scratch/udit/robotcar/overcast/2014-06-26-09-24-58/stereo/centre_top_H/1403774871148797.png,1403774875569467,11
/scratch/udit/robotcar/overcast/2014-06-26-09-24-58/stereo/centre_top_H/1403774871336265.png,1403774872842463,12
/scratch/udit/robotcar/overcast/2014-06-26-09-24-58/stereo/centre_top_H/1403774871523737.png,1403774876114767,12
/scratch/udit/robotcar/overcast/2014-06-26-09-24-58/stereo/centre_top_H/1403774871711209.png,1403774875387617,12
/scratch/udit/robotcar/overcast/2014-06-26-09-24-58/stereo/centre_top_H/1403774871898679.png,1403774875387617,11
/scratch/udit/robotcar/overcast/2014-06-26-09-24-58/stereo/centre_top_H/1403774872086149.png,1403774875933042,11
/scratch/udit/robotcar/overcast/2014-06-26-09-24-58/stereo/centre_top_H/1403774872273621.png,1403774875660330,13
/scratch/udit/robotcar/overcast/2014-06-26-09-24-58/stereo/centre_top_H/1403774872461089.png,1403774878114496,14
/scratch/udit/robotcar/overcast/2014-06-26-09-24-58/stereo/centre_top_H/1403774872648561.png,1403774877478208,14
/scratch/udit/robotcar/overcast/2014-06-26-09-24-58/stereo/centre_top_H/1403774872836033.png,1403774874933178,13
/scratch/udit/robotcar/overcast/2014-06-26-09-24-58/stereo/centre_top_H/1403774873023504.png,1403774874660466,19
/scratch/udit/robotcar/overcast/2014-06-26-09-24-58/stereo/centre_top_H/1403774873210972.png,1403774876932906,13
/scratch/udit/robotcar/overcast/2014-06-26-09-24-58/stereo/centre_top_H/1403774873398446.png,1403774877023769,12
/scratch/udit/robotcar/overcast/2014-06-26-09-24-58/stereo/centre_top_H/1403774873585925.png,1403774875842055,12
/scratch/udit/robotcar/overcast/2014-06-26-09-24-58/stereo/centre_top_H/1403774873773413.png,1403774877205620,12
/scratch/udit/robotcar/overcast/2014-06-26-09-24-58/stereo/centre_top_H/1403774873960902.png,1403774875842055,11
/scratch/udit/robotcar/overcast/2014-06-26-09-24-58/stereo/centre_top_H/1403774874148389.png,1403774879568922,13
/scratch/udit/robotcar/overcast/2014-06-26-09-24-58/stereo/centre_top_H/1403774874335879.png,1403774879114359,11
/scratch/udit/robotcar/overcast/2014-06-26-09-24-58/stereo/centre_top_H/1403774874585867.png,1403774876751056,12
/scratch/udit/robotcar/overcast/2014-06-26-09-24-58/stereo/centre_top_H/1403774874773356.png,1403774876932906,12
/scratch/udit/robotcar/overcast/2014-06-26-09-24-58/stereo/centre_top_H/1403774874960834.png,1403774877296481,11
/scratch/udit/robotcar/overcast/2014-06-26-09-24-58/stereo/centre_top_H/1403774875148322.png,1403774883568378,14
/scratch/udit/robotcar/overcast/2014-06-26-09-24-58/stereo/centre_top_H/1403774875335815.png,1403774877114632,17
/scratch/udit/robotcar/overcast/2014-06-26-09-24-58/stereo/centre_top_H/1403774875523289.png,1403774879114359,14
/scratch/udit/robotcar/overcast/2014-06-26-09-24-58/stereo/centre_top_H/1403774875710764.png,1403774876205755,13
/scratch/udit/robotcar/overcast/2014-06-26-09-24-58/stereo/centre_top_H/1403774875898241.png,1403774876751056,10
/scratch/udit/robotcar/overcast/2014-06-26-09-24-58/stereo/centre_top_H/1403774876085711.png,1403774878569059,12
/scratch/udit/robotcar/overcast/2014-06-26-09-24-58/stereo/centre_top_H/1403774876273180.png,1403774879023497,14
/scratch/udit/robotcar/overcast/2014-06-26-09-24-58/stereo/centre_top_H/1403774876460650.png,1403774880568786,11
/scratch/udit/robotcar/overcast/2014-06-26-09-24-58/stereo/centre_top_H/1403774876648120.png,1403774878569059,13
/scratch/udit/robotcar/overcast/2014-06-26-09-24-58/stereo/centre_top_H/1403774876835589.png,1403774883750103,13
/scratch/udit/robotcar/overcast/2014-06-26-09-24-58/stereo/centre_top_H/1403774877023063.png,1403774881295937,11
/scratch/udit/robotcar/overcast/2014-06-26-09-24-58/stereo/centre_top_H/1403774877210534.png,1403774881386800,11
/scratch/udit/robotcar/overcast/2014-06-26-09-24-58/stereo/centre_top_H/1403774877398000.png,1403774878296346,11
/scratch/udit/robotcar/overcast/2014-06-26-09-24-58/stereo/centre_top_H/1403774877585478.png,1403774878750784,12
/scratch/udit/robotcar/overcast/2014-06-26-09-24-58/stereo/centre_top_H/1403774877772947.png,1403774880659649,14
/scratch/udit/robotcar/overcast/2014-06-26-09-24-58/stereo/centre_top_H/1403774877960413.png,1403774878659921,11
/scratch/udit/robotcar/overcast/2014-06-26-09-24-58/stereo/centre_top_H/1403774878147901.png,1403774882295801,10
/scratch/udit/robotcar/overcast/2014-06-26-09-24-58/stereo/centre_top_H/1403774878335389.png,1403774882204939,11
/scratch/udit/robotcar/overcast/2014-06-26-09-24-58/stereo/centre_top_H/1403774878522878.png,1403774880386936,11
/scratch/udit/robotcar/overcast/2014-06-26-09-24-58/stereo/centre_top_H/1403774878710371.png,1403774879296209,11
/scratch/udit/robotcar/overcast/2014-06-26-09-24-58/stereo/centre_top_H/1403774878897850.png,1403774886658832,12
/scratch/udit/robotcar/overcast/2014-06-26-09-24-58/stereo/centre_top_H/1403774879085331.png,1403774887567834,12
/scratch/udit/robotcar/overcast/2014-06-26-09-24-58/stereo/centre_top_H/1403774879272802.png,1403774882113951,11
/scratch/udit/robotcar/overcast/2014-06-26-09-24-58/stereo/centre_top_H/1403774879460276.png,1403774880659649,12
/scratch/udit/robotcar/overcast/2014-06-26-09-24-58/stereo/centre_top_H/1403774879647752.png,1403774883295665,13
/scratch/udit/robotcar/overcast/2014-06-26-09-24-58/stereo/centre_top_H/1403774879835218.png,1403774886567970,13
/scratch/udit/robotcar/overcast/2014-06-26-09-24-58/stereo/centre_top_H/1403774880022688.png,1403774885931681,12
/scratch/udit/robotcar/overcast/2014-06-26-09-24-58/stereo/centre_top_H/1403774880210159.png,1403774880568786,12
/scratch/udit/robotcar/overcast/2014-06-26-09-24-58/stereo/centre_top_H/1403774880397629.png,1403774883386528,12
/scratch/udit/robotcar/overcast/2014-06-26-09-24-58/stereo/centre_top_H/1403774880585099.png,1403774884022816,11
/scratch/udit/robotcar/overcast/2014-06-26-09-24-58/stereo/centre_top_H/1403774880772570.png,1403774884295529,12
/scratch/udit/robotcar/overcast/2014-06-26-09-24-58/stereo/centre_top_H/1403774880960038.png,1403774885477118,12
/scratch/udit/robotcar/overcast/2014-06-26-09-24-58/stereo/centre_top_H/1403774881147528.png,1403774888113134,13
/scratch/udit/robotcar/overcast/2014-06-26-09-24-58/stereo/centre_top_H/1403774881335013.png,1403774886567970,12
/scratch/udit/robotcar/overcast/2014-06-26-09-24-58/stereo/centre_top_H/1403774881522502.png,1403774889658424,11
/scratch/udit/robotcar/overcast/2014-06-26-09-24-58/stereo/centre_top_H/1403774881709992.png,1403774889022136,10
/scratch/udit/robotcar/overcast/2014-06-26-09-24-58/stereo/centre_top_H/1403774881897469.png,1403774886658832,12
/scratch/udit/robotcar/overcast/2014-06-26-09-24-58/stereo/centre_top_H/1403774882084937.png,1403774883477390,12
/scratch/udit/robotcar/overcast/2014-06-26-09-24-58/stereo/centre_top_H/1403774882272415.png,1403774883659240,13
/scratch/udit/robotcar/overcast/2014-06-26-09-24-58/stereo/centre_top_H/1403774882459884.png,1403774884568242,11
/scratch/udit/robotcar/overcast/2014-06-26-09-24-58/stereo/centre_top_H/1403774882647353.png,1403774886204394,12
/scratch/udit/robotcar/overcast/2014-06-26-09-24-58/stereo/centre_top_H/1403774882834824.png,1403774887204258,12
/scratch/udit/robotcar/overcast/2014-06-26-09-24-58/stereo/centre_top_H/1403774883022299.png,1403774889385711,12
/scratch/udit/robotcar/overcast/2014-06-26-09-24-58/stereo/centre_top_H/1403774883209767.png,1403774889567561,12
/scratch/udit/robotcar/overcast/2014-06-26-09-24-58/stereo/centre_top_H/1403774883397240.png,1403774885568106,11
/scratch/udit/robotcar/overcast/2014-06-26-09-24-58/stereo/centre_top_H/1403774883584716.png,1403774888658560,13
/scratch/udit/robotcar/overcast/2014-06-26-09-24-58/stereo/centre_top_H/1403774883772182.png,1403774889294848,12
/scratch/udit/robotcar/overcast/2014-06-26-09-24-58/stereo/centre_top_H/1403774883959657.png,1403774885477118,12
/scratch/udit/robotcar/overcast/2014-06-26-09-24-58/stereo/centre_top_H/1403774884147126.png,1403774885658968,13
/scratch/udit/robotcar/overcast/2014-06-26-09-24-58/stereo/centre_top_H/1403774884334598.png,1403774887931409,12
/scratch/udit/robotcar/overcast/2014-06-26-09-24-58/stereo/centre_top_H/1403774884522073.png,1403774888476710,11
/scratch/udit/robotcar/overcast/2014-06-26-09-24-58/stereo/centre_top_H/1403774884709540.png,1403774888931272,14
/scratch/udit/robotcar/overcast/2014-06-26-09-24-58/stereo/centre_top_H/1403774884897009.png,1403774886386120,13
/scratch/udit/robotcar/overcast/2014-06-26-09-24-58/stereo/centre_top_H/1403774885084482.png,1403774886658832,12
/scratch/udit/robotcar/overcast/2014-06-26-09-24-58/stereo/centre_top_H/1403774885271953.png,1403774886022543,10
/scratch/udit/robotcar/overcast/2014-06-26-09-24-58/stereo/centre_top_H/1403774885459426.png,1403774888658560,11
/scratch/udit/robotcar/overcast/2014-06-26-09-24-58/stereo/centre_top_H/1403774885646891.png,1403774887022407,11
/scratch/udit/robotcar/overcast/2014-06-26-09-24-58/stereo/centre_top_H/1403774885834366.png,1403774894566878,13
/scratch/udit/robotcar/overcast/2014-06-26-09-24-58/stereo/centre_top_H/1403774886021833.png,1403774892839741,14
/scratch/udit/robotcar/overcast/2014-06-26-09-24-58/stereo/centre_top_H/1403774886209302.png,1403774891203714,12
/scratch/udit/robotcar/overcast/2014-06-26-09-24-58/stereo/centre_top_H/1403774886396774.png,1403774889022136,10
/scratch/udit/robotcar/overcast/2014-06-26-09-24-58/stereo/centre_top_H/1403774886584241.png,1403774890476438,12
/scratch/udit/robotcar/overcast/2014-06-26-09-24-58/stereo/centre_top_H/1403774886771709.png,1403774889476574,11
/scratch/udit/robotcar/overcast/2014-06-26-09-24-58/stereo/centre_top_H/1403774886959181.png,1403774895021319,12
/scratch/udit/robotcar/overcast/2014-06-26-09-24-58/stereo/centre_top_H/1403774887146651.png,1403774895748468,12
/scratch/udit/robotcar/overcast/2014-06-26-09-24-58/stereo/centre_top_H/1403774887334117.png,1403774888022272,11
/scratch/udit/robotcar/overcast/2014-06-26-09-24-58/stereo/centre_top_H/1403774887584087.png,1403774892748878,11
/scratch/udit/robotcar/overcast/2014-06-26-09-24-58/stereo/centre_top_H/1403774887771574.png,1403774895294030,12
/scratch/udit/robotcar/overcast/2014-06-26-09-24-58/stereo/centre_top_H/1403774888021560.png,1403774895384894,11
/scratch/udit/robotcar/overcast/2014-06-26-09-24-58/stereo/centre_top_H/1403774888271548.png,1403774895748468,11
/scratch/udit/robotcar/overcast/2014-06-26-09-24-58/stereo/centre_top_H/1403774888521535.png,1403774894930456,11
/scratch/udit/robotcar/overcast/2014-06-26-09-24-58/stereo/centre_top_H/1403774888771505.png,1403774897384621,13
/scratch/udit/robotcar/overcast/2014-06-26-09-24-58/stereo/centre_top_H/1403774889021476.png,1403774889476574,14
/scratch/udit/robotcar/overcast/2014-06-26-09-24-58/stereo/centre_top_H/1403774889208947.png,1403774893930590,11
/scratch/udit/robotcar/overcast/2014-06-26-09-24-58/stereo/centre_top_H/1403774889396433.png,1403774895203167,12
/scratch/udit/robotcar/overcast/2014-06-26-09-24-58/stereo/centre_top_H/1403774889583923.png,1403774892385303,11
/scratch/udit/robotcar/overcast/2014-06-26-09-24-58/stereo/centre_top_H/1403774889771413.png,1403774895475755,12
/scratch/udit/robotcar/overcast/2014-06-26-09-24-58/stereo/centre_top_H/1403774889958901.png,1403774893385165,12
/scratch/udit/robotcar/overcast/2014-06-26-09-24-58/stereo/centre_top_H/1403774890146391.png,1403774892658016,13
/scratch/udit/robotcar/overcast/2014-06-26-09-24-58/stereo/centre_top_H/1403774890333861.png,1403774893021591,11
/scratch/udit/robotcar/overcast/2014-06-26-09-24-58/stereo/centre_top_H/1403774890521347.png,1403774895021319,12
/scratch/udit/robotcar/overcast/2014-06-26-09-24-58/stereo/centre_top_H/1403774890708833.png,1403774898566335,12
/scratch/udit/robotcar/overcast/2014-06-26-09-24-58/stereo/centre_top_H/1403774890896309.png,1403774894657743,11
/scratch/udit/robotcar/overcast/2014-06-26-09-24-58/stereo/centre_top_H/1403774891083779.png,1403774899747923,11
/scratch/udit/robotcar/overcast/2014-06-26-09-24-58/stereo/centre_top_H/1403774891271259.png,1403774898748059,12
/scratch/udit/robotcar/overcast/2014-06-26-09-24-58/stereo/centre_top_H/1403774891458735.png,1403774892748878,13
/scratch/udit/robotcar/overcast/2014-06-26-09-24-58/stereo/centre_top_H/1403774891646205.png,1403774898838921,12
/scratch/udit/robotcar/overcast/2014-06-26-09-24-58/stereo/centre_top_H/1403774891833679.png,1403774895839330,11
/scratch/udit/robotcar/overcast/2014-06-26-09-24-58/stereo/centre_top_H/1403774892021151.png,1403774900747786,13
/scratch/udit/robotcar/overcast/2014-06-26-09-24-58/stereo/centre_top_H/1403774892208631.png,1403774895112179,12
/scratch/udit/robotcar/overcast/2014-06-26-09-24-58/stereo/centre_top_H/1403774892396117.png,1403774892930728,10
/scratch/udit/robotcar/overcast/2014-06-26-09-24-58/stereo/centre_top_H/1403774892583594.png,1403774894566878,11
/scratch/udit/robotcar/overcast/2014-06-26-09-24-58/stereo/centre_top_H/1403774892771057.png,1403774896112043,10
/scratch/udit/robotcar/overcast/2014-06-26-09-24-58/stereo/centre_top_H/1403774892958526.png,1403774900747786,13
/scratch/udit/robotcar/overcast/2014-06-26-09-24-58/stereo/centre_top_H/1403774893145999.png,1403774895021319,12
/scratch/udit/robotcar/overcast/2014-06-26-09-24-58/stereo/centre_top_H/1403774893333466.png,1403774901202350,12
/scratch/udit/robotcar/overcast/2014-06-26-09-24-58/stereo/centre_top_H/1403774893520937.png,1403774899475210,12
/scratch/udit/robotcar/overcast/2014-06-26-09-24-58/stereo/centre_top_H/1403774893708409.png,1403774900656924,11
/scratch/udit/robotcar/overcast/2014-06-26-09-24-58/stereo/centre_top_H/1403774893895882.png,1403774895021319,12
/scratch/udit/robotcar/overcast/2014-06-26-09-24-58/stereo/centre_top_H/1403774894083354.png,1403774894657743,12
/scratch/udit/robotcar/overcast/2014-06-26-09-24-58/stereo/centre_top_H/1403774894270829.png,1403774900929638,11
/scratch/udit/robotcar/overcast/2014-06-26-09-24-58/stereo/centre_top_H/1403774894458295.png,1403774895839330,10
/scratch/udit/robotcar/overcast/2014-06-26-09-24-58/stereo/centre_top_H/1403774894645767.png,1403774896021183,11
/scratch/udit/robotcar/overcast/2014-06-26-09-24-58/stereo/centre_top_H/1403774894833238.png,1403774900838650,11
/scratch/udit/robotcar/overcast/2014-06-26-09-24-58/stereo/centre_top_H/1403774895020711.png,1403774901020500,11
/scratch/udit/robotcar/overcast/2014-06-26-09-24-58/stereo/centre_top_H/1403774895208189.png,1403774901020500,12
/scratch/udit/robotcar/overcast/2014-06-26-09-24-58/stereo/centre_top_H/1403774895395655.png,1403774897384621,11
/scratch/udit/robotcar/overcast/2014-06-26-09-24-58/stereo/centre_top_H/1403774895583127.png,1403774904110954,11
/scratch/udit/robotcar/overcast/2014-06-26-09-24-58/stereo/centre_top_H/1403774895770598.png,1403774899384348,12
/scratch/udit/robotcar/overcast/2014-06-26-09-24-58/stereo/centre_top_H/1403774895958068.png,1403774902111227,12
/scratch/udit/robotcar/overcast/2014-06-26-09-24-58/stereo/centre_top_H/1403774896145538.png,1403774896657471,10
/scratch/udit/robotcar/overcast/2014-06-26-09-24-58/stereo/centre_top_H/1403774896333013.png,1403774898566335,11
/scratch/udit/robotcar/overcast/2014-06-26-09-24-58/stereo/centre_top_H/1403774896520479.png,1403774904020091,11
/scratch/udit/robotcar/overcast/2014-06-26-09-24-58/stereo/centre_top_H/1403774896707949.png,1403774897293758,10
/scratch/udit/robotcar/overcast/2014-06-26-09-24-58/stereo/centre_top_H/1403774896895423.png,1403774901293213,10
/scratch/udit/robotcar/overcast/2014-06-26-09-24-58/stereo/centre_top_H/1403774897082907.png,1403774900293348,10
/scratch/udit/robotcar/overcast/2014-06-26-09-24-58/stereo/centre_top_H/1403774897270397.png,1403774899566198,10
/scratch/udit/robotcar/overcast/2014-06-26-09-24-58/stereo/centre_top_H/1403774897457886.png,1403774904383667,12
/scratch/udit/robotcar/overcast/2014-06-26-09-24-58/stereo/centre_top_H/1403774897645373.png,1403774899293486,12
/scratch/udit/robotcar/overcast/2014-06-26-09-24-58/stereo/centre_top_H/1403774897832862.png,1403774905383531,12
/scratch/udit/robotcar/overcast/2014-06-26-09-24-58/stereo/centre_top_H/1403774898020350.png,1403774904110954,12
/scratch/udit/robotcar/overcast/2014-06-26-09-24-58/stereo/centre_top_H/1403774898207826.png,1403774906383394,11
/scratch/udit/robotcar/overcast/2014-06-26-09-24-58/stereo/centre_top_H/1403774898395313.png,1403774899747923,10
/scratch/udit/robotcar/overcast/2014-06-26-09-24-58/stereo/centre_top_H/1403774898582798.png,1403774900111498,13
/scratch/udit/robotcar/overcast/2014-06-26-09-24-58/stereo/centre_top_H/1403774898770287.png,1403774906292535,10
/scratch/udit/robotcar/overcast/2014-06-26-09-24-58/stereo/centre_top_H/1403774898957769.png,1403774903111090,11
/scratch/udit/robotcar/overcast/2014-06-26-09-24-58/stereo/centre_top_H/1403774899145247.png,1403774904201939,11
/scratch/udit/robotcar/overcast/2014-06-26-09-24-58/stereo/centre_top_H/1403774899332723.png,1403774906201671,10
/scratch/udit/robotcar/overcast/2014-06-26-09-24-58/stereo/centre_top_H/1403774899520196.png,1403774900838650,11
/scratch/udit/robotcar/overcast/2014-06-26-09-24-58/stereo/centre_top_H/1403774899707666.png,1403774901202350,10
/scratch/udit/robotcar/overcast/2014-06-26-09-24-58/stereo/centre_top_H/1403774899895136.png,1403774907383261,13
/scratch/udit/robotcar/overcast/2014-06-26-09-24-58/stereo/centre_top_H/1403774900082607.png,1403774900566064,10
/scratch/udit/robotcar/overcast/2014-06-26-09-24-58/stereo/centre_top_H/1403774900270080.png,1403774900747786,11
/scratch/udit/robotcar/overcast/2014-06-26-09-24-58/stereo/centre_top_H/1403774900457549.png,1403774900838650,11
/scratch/udit/robotcar/overcast/2014-06-26-09-24-58/stereo/centre_top_H/1403774900645019.png,1403774908201398,10
/scratch/udit/robotcar/overcast/2014-06-26-09-24-58/stereo/centre_top_H/1403774900832488.png,1403774903656516,11
/scratch/udit/robotcar/overcast/2014-06-26-09-24-58/stereo/centre_top_H/1403774901019961.png,1403774906656107,9
/scratch/udit/robotcar/overcast/2014-06-26-09-24-58/stereo/centre_top_H/1403774901207430.png,1403774904565520,11
/scratch/udit/robotcar/overcast/2014-06-26-09-24-58/stereo/centre_top_H/1403774901394901.png,1403774908383124,11
/scratch/udit/robotcar/overcast/2014-06-26-09-24-58/stereo/centre_top_H/1403774901582370.png,1403774902474803,12
/scratch/udit/robotcar/overcast/2014-06-26-09-24-58/stereo/centre_top_H/1403774901769846.png,1403774910746427,11
/scratch/udit/robotcar/overcast/2014-06-26-09-24-58/stereo/centre_top_H/1403774901957337.png,1403774904201939,11
/scratch/udit/robotcar/overcast/2014-06-26-09-24-58/stereo/centre_top_H/1403774902144825.png,1403774908110412,11
/scratch/udit/robotcar/overcast/2014-06-26-09-24-58/stereo/centre_top_H/1403774902332316.png,1403774907292398,11
/scratch/udit/robotcar/overcast/2014-06-26-09-24-58/stereo/centre_top_H/1403774902519791.png,1403774908837561,11
/scratch/udit/robotcar/overcast/2014-06-26-09-24-58/stereo/centre_top_H/1403774902707274.png,1403774909564837,12
/scratch/udit/robotcar/overcast/2014-06-26-09-24-58/stereo/centre_top_H/1403774902894762.png,1403774909201262,10
